# t E_rel dt
0.00000000e+00 0.00000000e+00 2.00000000e-03
2.00000000e-03 6.03922665e-07 2.00000000e-03
4.00000000e-03 1.22092459e-06 2.00000000e-03
6.00000000e-03 1.85091534e-06 2.00000000e-03
8.00000000e-03 2.49380203e-06 2.00000000e-03
1.00000000e-02 3.14948935e-06 2.00000000e-03
1.20000000e-02 3.81787958e-06 2.00000000e-03
1.40000000e-02 4.49887258e-06 2.00000000e-03
1.60000000e-02 5.19236581e-06 2.00000000e-03
1.80000000e-02 5.89825435e-06 2.00000000e-03
2.00000000e-02 6.61643090e-06 2.00000000e-03
2.20000000e-02 7.34678582e-06 2.00000000e-03
2.40000000e-02 8.08920711e-06 2.00000000e-03
2.60000000e-02 8.84358043e-06 2.00000000e-03
2.80000000e-02 9.60978914e-06 2.00000000e-03
3.00000000e-02 1.03877143e-05 2.00000000e-03
3.20000000e-02 1.11772347e-05 2.00000000e-03
3.40000000e-02 1.19782268e-05 2.00000000e-03
3.60000000e-02 1.27905649e-05 2.00000000e-03
3.80000000e-02 1.36141210e-05 2.00000000e-03
4.00000000e-02 1.44487649e-05 2.00000000e-03
4.20000000e-02 1.52943643e-05 2.00000000e-03
4.40000000e-02 1.61507846e-05 2.00000000e-03
4.60000000e-02 1.70178892e-05 2.00000000e-03
4.80000000e-02 1.78955392e-05 2.00000000e-03
5.00000000e-02 1.87835937e-05 2.00000000e-03
5.20000000e-02 1.96819097e-05 2.00000000e-03
5.40000000e-02 2.05903421e-05 2.00000000e-03
5.60000000e-02 2.15087438e-05 2.00000000e-03
5.80000000e-02 2.24369658e-05 2.00000000e-03
6.00000000e-02 2.33748570e-05 2.00000000e-03
6.20000000e-02 2.43222642e-05 2.00000000e-03
6.40000000e-02 2.52790326e-05 2.00000000e-03
6.60000000e-02 2.62450052e-05 2.00000000e-03
6.80000000e-02 2.72200233e-05 2.00000000e-03
7.00000000e-02 2.82039264e-05 2.00000000e-03
7.20000000e-02 2.91965518e-05 2.00000000e-03
7.40000000e-02 3.01977356e-05 2.00000000e-03
7.60000000e-02 3.12073116e-05 2.00000000e-03
7.80000000e-02 3.22251122e-05 2.00000000e-03
8.00000000e-02 3.32509680e-05 2.00000000e-03
8.20000000e-02 3.42847080e-05 2.00000000e-03
8.40000000e-02 3.53261594e-05 2.00000000e-03
8.60000000e-02 3.63751480e-05 2.00000000e-03
8.80000000e-02 3.74314978e-05 2.00000000e-03
9.00000000e-02 3.84950316e-05 2.00000000e-03
9.20000000e-02 3.95655704e-05 2.00000000e-03
9.40000000e-02 4.06429338e-05 2.00000000e-03
9.60000000e-02 4.17269402e-05 2.00000000e-03
9.80000000e-02 4.28174062e-05 2.00000000e-03
1.00000000e-01 4.39141475e-05 2.00000000e-03
1.02000000e-01 4.50169781e-05 2.00000000e-03
1.04000000e-01 4.61257109e-05 2.00000000e-03
1.06000000e-01 4.72401576e-05 2.00000000e-03
1.08000000e-01 4.83601285e-05 2.00000000e-03
1.10000000e-01 4.94854329e-05 2.00000000e-03
1.12000000e-01 5.06158790e-05 2.00000000e-03
1.14000000e-01 5.17512737e-05 2.00000000e-03
1.16000000e-01 5.28914232e-05 2.00000000e-03
1.18000000e-01 5.40361322e-05 2.00000000e-03
1.20000000e-01 5.51852049e-05 2.00000000e-03
1.22000000e-01 5.63384443e-05 2.00000000e-03
1.24000000e-01 5.74956526e-05 2.00000000e-03
1.26000000e-01 5.86566312e-05 2.00000000e-03
1.28000000e-01 5.98211805e-05 2.00000000e-03
1.30000000e-01 6.09891004e-05 2.00000000e-03
1.32000000e-01 6.21601898e-05 2.00000000e-03
1.34000000e-01 6.33342472e-05 2.00000000e-03
1.36000000e-01 6.45110704e-05 2.00000000e-03
1.38000000e-01 6.56904563e-05 2.00000000e-03
1.40000000e-01 6.68722017e-05 2.00000000e-03
1.42000000e-01 6.80561025e-05 2.00000000e-03
1.44000000e-01 6.92419545e-05 2.00000000e-03
1.46000000e-01 7.04295528e-05 2.00000000e-03
1.48000000e-01 7.16186922e-05 2.00000000e-03
1.50000000e-01 7.28091671e-05 2.00000000e-03
1.52000000e-01 7.40007719e-05 2.00000000e-03
1.54000000e-01 7.51933004e-05 2.00000000e-03
1.56000000e-01 7.63865463e-05 2.00000000e-03
1.58000000e-01 7.75803034e-05 2.00000000e-03
1.60000000e-01 7.87743649e-05 2.00000000e-03
1.62000000e-01 7.99685244e-05 2.00000000e-03
1.64000000e-01 8.11625752e-05 2.00000000e-03
1.66000000e-01 8.23563107e-05 2.00000000e-03
1.68000000e-01 8.35495243e-05 2.00000000e-03
1.70000000e-01 8.47420097e-05 2.00000000e-03
1.72000000e-01 8.59335605e-05 2.00000000e-03
1.74000000e-01 8.71239708e-05 2.00000000e-03
1.76000000e-01 8.83130345e-05 2.00000000e-03
1.78000000e-01 8.95005462e-05 2.00000000e-03
1.80000000e-01 9.06863007e-05 2.00000000e-03
1.82000000e-01 9.18700930e-05 2.00000000e-03
1.84000000e-01 9.30517188e-05 2.00000000e-03
1.86000000e-01 9.42309741e-05 2.00000000e-03
1.88000000e-01 9.54076553e-05 2.00000000e-03
1.90000000e-01 9.65815596e-05 2.00000000e-03
1.92000000e-01 9.77524846e-05 2.00000000e-03
1.94000000e-01 9.89202285e-05 2.00000000e-03
1.96000000e-01 1.00084590e-04 2.00000000e-03
1.98000000e-01 1.01245370e-04 2.00000000e-03
2.00000000e-01 1.02402368e-04 2.00000000e-03
2.02000000e-01 1.03555385e-04 2.00000000e-03
2.04000000e-01 1.04704223e-04 2.00000000e-03
2.06000000e-01 1.05848686e-04 2.00000000e-03
2.08000000e-01 1.06988577e-04 2.00000000e-03
2.10000000e-01 1.08123701e-04 2.00000000e-03
2.12000000e-01 1.09253864e-04 2.00000000e-03
2.14000000e-01 1.10378873e-04 2.00000000e-03
2.16000000e-01 1.11498536e-04 2.00000000e-03
2.18000000e-01 1.12612662e-04 2.00000000e-03
2.20000000e-01 1.13721062e-04 2.00000000e-03
2.22000000e-01 1.14823546e-04 2.00000000e-03
2.24000000e-01 1.15919927e-04 2.00000000e-03
2.26000000e-01 1.17010021e-04 2.00000000e-03
2.28000000e-01 1.18093641e-04 2.00000000e-03
2.30000000e-01 1.19170604e-04 2.00000000e-03
2.32000000e-01 1.20240730e-04 2.00000000e-03
2.34000000e-01 1.21303836e-04 2.00000000e-03
2.36000000e-01 1.22359745e-04 2.00000000e-03
2.38000000e-01 1.23408278e-04 2.00000000e-03
2.40000000e-01 1.24449260e-04 2.00000000e-03
2.42000000e-01 1.25482515e-04 2.00000000e-03
2.44000000e-01 1.26507872e-04 2.00000000e-03
2.46000000e-01 1.27525159e-04 2.00000000e-03
2.48000000e-01 1.28534207e-04 2.00000000e-03
2.50000000e-01 1.29534847e-04 2.00000000e-03
2.52000000e-01 1.30526913e-04 2.00000000e-03
2.54000000e-01 1.31510242e-04 2.00000000e-03
2.56000000e-01 1.32484670e-04 2.00000000e-03
2.58000000e-01 1.33450037e-04 2.00000000e-03
2.60000000e-01 1.34406183e-04 2.00000000e-03
2.62000000e-01 1.35352953e-04 2.00000000e-03
2.64000000e-01 1.36290190e-04 2.00000000e-03
2.66000000e-01 1.37217742e-04 2.00000000e-03
2.68000000e-01 1.38135457e-04 2.00000000e-03
2.70000000e-01 1.39043185e-04 2.00000000e-03
2.72000000e-01 1.39940781e-04 2.00000000e-03
2.74000000e-01 1.40828098e-04 2.00000000e-03
2.76000000e-01 1.41704993e-04 2.00000000e-03
2.78000000e-01 1.42571326e-04 2.00000000e-03
2.80000000e-01 1.43426957e-04 2.00000000e-03
2.82000000e-01 1.44271749e-04 2.00000000e-03
2.84000000e-01 1.45105568e-04 2.00000000e-03
2.86000000e-01 1.45928282e-04 2.00000000e-03
2.88000000e-01 1.46739759e-04 2.00000000e-03
2.90000000e-01 1.47539873e-04 2.00000000e-03
2.92000000e-01 1.48328496e-04 2.00000000e-03
2.94000000e-01 1.49105506e-04 2.00000000e-03
2.96000000e-01 1.49870781e-04 2.00000000e-03
2.98000000e-01 1.50624202e-04 2.00000000e-03
3.00000000e-01 1.51365652e-04 2.00000000e-03
3.02000000e-01 1.52095017e-04 2.00000000e-03
3.04000000e-01 1.52812185e-04 2.00000000e-03
3.06000000e-01 1.53517045e-04 2.00000000e-03
3.08000000e-01 1.54209492e-04 2.00000000e-03
3.10000000e-01 1.54889418e-04 2.00000000e-03
3.12000000e-01 1.55556723e-04 2.00000000e-03
3.14000000e-01 1.56211306e-04 2.00000000e-03
3.16000000e-01 1.56853069e-04 2.00000000e-03
3.18000000e-01 1.57481916e-04 2.00000000e-03
3.20000000e-01 1.58097755e-04 2.00000000e-03
3.22000000e-01 1.58700495e-04 2.00000000e-03
3.24000000e-01 1.59290048e-04 2.00000000e-03
3.26000000e-01 1.59866329e-04 2.00000000e-03
3.28000000e-01 1.60429255e-04 2.00000000e-03
3.30000000e-01 1.60978744e-04 2.00000000e-03
3.32000000e-01 1.61514719e-04 2.00000000e-03
3.34000000e-01 1.62037104e-04 2.00000000e-03
3.36000000e-01 1.62545826e-04 2.00000000e-03
3.38000000e-01 1.63040815e-04 2.00000000e-03
3.40000000e-01 1.63522002e-04 2.00000000e-03
3.42000000e-01 1.63989321e-04 2.00000000e-03
3.44000000e-01 1.64442710e-04 2.00000000e-03
3.46000000e-01 1.64882108e-04 2.00000000e-03
3.48000000e-01 1.65307456e-04 2.00000000e-03
3.50000000e-01 1.65718700e-04 2.00000000e-03
3.52000000e-01 1.66115786e-04 2.00000000e-03
3.54000000e-01 1.66498663e-04 2.00000000e-03
3.56000000e-01 1.66867284e-04 2.00000000e-03
3.58000000e-01 1.67221604e-04 2.00000000e-03
3.60000000e-01 1.67561578e-04 2.00000000e-03
3.62000000e-01 1.67887167e-04 2.00000000e-03
3.64000000e-01 1.68198333e-04 2.00000000e-03
3.66000000e-01 1.68495040e-04 2.00000000e-03
3.68000000e-01 1.68777255e-04 2.00000000e-03
3.70000000e-01 1.69044948e-04 2.00000000e-03
3.72000000e-01 1.69298091e-04 2.00000000e-03
3.74000000e-01 1.69536659e-04 2.00000000e-03
3.76000000e-01 1.69760628e-04 2.00000000e-03
3.78000000e-01 1.69969978e-04 2.00000000e-03
3.80000000e-01 1.70164691e-04 2.00000000e-03
3.82000000e-01 1.70344751e-04 2.00000000e-03
3.84000000e-01 1.70510145e-04 2.00000000e-03
3.86000000e-01 1.70660863e-04 2.00000000e-03
3.88000000e-01 1.70796897e-04 2.00000000e-03
3.90000000e-01 1.70918239e-04 2.00000000e-03
3.92000000e-01 1.71024888e-04 2.00000000e-03
3.94000000e-01 1.71116842e-04 2.00000000e-03
3.96000000e-01 1.71194103e-04 2.00000000e-03
3.98000000e-01 1.71256674e-04 2.00000000e-03
4.00000000e-01 1.71304561e-04 2.00000000e-03
4.02000000e-01 1.71337774e-04 2.00000000e-03
4.04000000e-01 1.71356323e-04 2.00000000e-03
4.06000000e-01 1.71360221e-04 2.00000000e-03
4.08000000e-01 1.71349484e-04 2.00000000e-03
4.10000000e-01 1.71324130e-04 2.00000000e-03
4.12000000e-01 1.71284179e-04 2.00000000e-03
4.14000000e-01 1.71229654e-04 2.00000000e-03
4.16000000e-01 1.71160579e-04 2.00000000e-03
4.18000000e-01 1.71076982e-04 2.00000000e-03
4.20000000e-01 1.70978891e-04 2.00000000e-03
4.22000000e-01 1.70866339e-04 2.00000000e-03
4.24000000e-01 1.70739358e-04 2.00000000e-03
4.26000000e-01 1.70597986e-04 2.00000000e-03
4.28000000e-01 1.70442260e-04 2.00000000e-03
4.30000000e-01 1.70272221e-04 2.00000000e-03
4.32000000e-01 1.70087910e-04 2.00000000e-03
4.34000000e-01 1.69889373e-04 2.00000000e-03
4.36000000e-01 1.69676657e-04 2.00000000e-03
4.38000000e-01 1.69449810e-04 2.00000000e-03
4.40000000e-01 1.69208883e-04 2.00000000e-03
4.42000000e-01 1.68953929e-04 2.00000000e-03
4.44000000e-01 1.68685003e-04 2.00000000e-03
4.46000000e-01 1.68402163e-04 2.00000000e-03
4.48000000e-01 1.68105468e-04 2.00000000e-03
4.50000000e-01 1.67794978e-04 2.00000000e-03
4.52000000e-01 1.67470757e-04 2.00000000e-03
4.54000000e-01 1.67132870e-04 2.00000000e-03
4.56000000e-01 1.66781384e-04 2.00000000e-03
4.58000000e-01 1.66416368e-04 2.00000000e-03
4.60000000e-01 1.66037892e-04 2.00000000e-03
4.62000000e-01 1.65646031e-04 2.00000000e-03
4.64000000e-01 1.65240857e-04 2.00000000e-03
4.66000000e-01 1.64822448e-04 2.00000000e-03
4.68000000e-01 1.64390882e-04 2.00000000e-03
4.70000000e-01 1.63946240e-04 2.00000000e-03
4.72000000e-01 1.63488602e-04 2.00000000e-03
4.74000000e-01 1.63018053e-04 2.00000000e-03
4.76000000e-01 1.62534679e-04 2.00000000e-03
4.78000000e-01 1.62038566e-04 2.00000000e-03
4.80000000e-01 1.61529803e-04 2.00000000e-03
4.82000000e-01 1.61008481e-04 2.00000000e-03
4.84000000e-01 1.60474693e-04 2.00000000e-03
4.86000000e-01 1.59928531e-04 2.00000000e-03
4.88000000e-01 1.59370093e-04 2.00000000e-03
4.90000000e-01 1.58799474e-04 2.00000000e-03
4.92000000e-01 1.58216775e-04 2.00000000e-03
4.94000000e-01 1.57622094e-04 2.00000000e-03
4.96000000e-01 1.57015534e-04 2.00000000e-03
4.98000000e-01 1.56397199e-04 2.00000000e-03
5.00000000e-01 1.55767193e-04 2.00000000e-03
5.02000000e-01 1.55125623e-04 2.00000000e-03
5.04000000e-01 1.54472597e-04 2.00000000e-03
5.06000000e-01 1.53808224e-04 2.00000000e-03
5.08000000e-01 1.53132615e-04 2.00000000e-03
5.10000000e-01 1.52445882e-04 2.00000000e-03
5.12000000e-01 1.51748139e-04 2.00000000e-03
5.14000000e-01 1.51039500e-04 2.00000000e-03
5.16000000e-01 1.50320083e-04 2.00000000e-03
5.18000000e-01 1.49590004e-04 2.00000000e-03
5.20000000e-01 1.48849384e-04 2.00000000e-03
5.22000000e-01 1.48098341e-04 2.00000000e-03
5.24000000e-01 1.47336997e-04 2.00000000e-03
5.26000000e-01 1.46565476e-04 2.00000000e-03
5.28000000e-01 1.45783902e-04 2.00000000e-03
5.30000000e-01 1.44992398e-04 2.00000000e-03
5.32000000e-01 1.44191093e-04 2.00000000e-03
5.34000000e-01 1.43380113e-04 2.00000000e-03
5.36000000e-01 1.42559588e-04 2.00000000e-03
5.38000000e-01 1.41729646e-04 2.00000000e-03
5.40000000e-01 1.40890420e-04 2.00000000e-03
5.42000000e-01 1.40042040e-04 2.00000000e-03
5.44000000e-01 1.39184641e-04 2.00000000e-03
5.46000000e-01 1.38318356e-04 2.00000000e-03
5.48000000e-01 1.37443320e-04 2.00000000e-03
5.50000000e-01 1.36559670e-04 2.00000000e-03
5.52000000e-01 1.35667543e-04 2.00000000e-03
5.54000000e-01 1.34767078e-04 2.00000000e-03
5.56000000e-01 1.33858412e-04 2.00000000e-03
5.58000000e-01 1.32941686e-04 2.00000000e-03
5.60000000e-01 1.32017042e-04 2.00000000e-03
5.62000000e-01 1.31084621e-04 2.00000000e-03
5.64000000e-01 1.30144566e-04 2.00000000e-03
5.66000000e-01 1.29197020e-04 2.00000000e-03
5.68000000e-01 1.28242127e-04 2.00000000e-03
5.70000000e-01 1.27280034e-04 2.00000000e-03
5.72000000e-01 1.26310886e-04 2.00000000e-03
5.74000000e-01 1.25334829e-04 2.00000000e-03
5.76000000e-01 1.24352012e-04 2.00000000e-03
5.78000000e-01 1.23362582e-04 2.00000000e-03
5.80000000e-01 1.22366690e-04 2.00000000e-03
5.82000000e-01 1.21364484e-04 2.00000000e-03
5.84000000e-01 1.20356114e-04 2.00000000e-03
5.86000000e-01 1.19341733e-04 2.00000000e-03
5.88000000e-01 1.18321491e-04 2.00000000e-03
5.90000000e-01 1.17295542e-04 2.00000000e-03
5.92000000e-01 1.16264037e-04 2.00000000e-03
5.94000000e-01 1.15227132e-04 2.00000000e-03
5.96000000e-01 1.14184979e-04 2.00000000e-03
5.98000000e-01 1.13137733e-04 2.00000000e-03
6.00000000e-01 1.12085550e-04 2.00000000e-03
6.02000000e-01 1.11028586e-04 2.00000000e-03
6.04000000e-01 1.09966997e-04 2.00000000e-03
6.06000000e-01 1.08900939e-04 2.00000000e-03
6.08000000e-01 1.07830570e-04 2.00000000e-03
6.10000000e-01 1.06756048e-04 2.00000000e-03
6.12000000e-01 1.05677530e-04 2.00000000e-03
6.14000000e-01 1.04595176e-04 2.00000000e-03
6.16000000e-01 1.03509143e-04 2.00000000e-03
6.18000000e-01 1.02419592e-04 2.00000000e-03
6.20000000e-01 1.01326682e-04 2.00000000e-03
6.22000000e-01 1.00230573e-04 2.00000000e-03
6.24000000e-01 9.91314261e-05 2.00000000e-03
6.26000000e-01 9.80294010e-05 2.00000000e-03
6.28000000e-01 9.69246590e-05 2.00000000e-03
6.30000000e-01 9.58173615e-05 2.00000000e-03
6.32000000e-01 9.47076698e-05 2.00000000e-03
6.34000000e-01 9.35957458e-05 2.00000000e-03
6.36000000e-01 9.24817514e-05 2.00000000e-03
6.38000000e-01 9.13658488e-05 2.00000000e-03
6.40000000e-01 9.02482004e-05 2.00000000e-03
6.42000000e-01 8.91289688e-05 2.00000000e-03
6.44000000e-01 8.80083166e-05 2.00000000e-03
6.46000000e-01 8.68864068e-05 2.00000000e-03
6.48000000e-01 8.57634023e-05 2.00000000e-03
6.50000000e-01 8.46394662e-05 2.00000000e-03
6.52000000e-01 8.35147616e-05 2.00000000e-03
6.54000000e-01 8.23894520e-05 2.00000000e-03
6.56000000e-01 8.12637005e-05 2.00000000e-03
6.58000000e-01 8.01376705e-05 2.00000000e-03
6.60000000e-01 7.90115254e-05 2.00000000e-03
6.62000000e-01 7.78854287e-05 2.00000000e-03
6.64000000e-01 7.67595436e-05 2.00000000e-03
6.66000000e-01 7.56340336e-05 2.00000000e-03
6.68000000e-01 7.45090620e-05 2.00000000e-03
6.70000000e-01 7.33847920e-05 2.00000000e-03
6.72000000e-01 7.22613868e-05 2.00000000e-03
6.74000000e-01 7.11390095e-05 2.00000000e-03
6.76000000e-01 7.00178230e-05 2.00000000e-03
6.78000000e-01 6.88979904e-05 2.00000000e-03
6.80000000e-01 6.77796741e-05 2.00000000e-03
6.82000000e-01 6.66630369e-05 2.00000000e-03
6.84000000e-01 6.55482410e-05 2.00000000e-03
6.86000000e-01 6.44354487e-05 2.00000000e-03
6.88000000e-01 6.33248219e-05 2.00000000e-03
6.90000000e-01 6.22165223e-05 2.00000000e-03
6.92000000e-01 6.11107116e-05 2.00000000e-03
6.94000000e-01 6.00075508e-05 2.00000000e-03
6.96000000e-01 5.89072011e-05 2.00000000e-03
6.98000000e-01 5.78098230e-05 2.00000000e-03
7.00000000e-01 5.67155768e-05 2.00000000e-03
7.02000000e-01 5.56246227e-05 2.00000000e-03
7.04000000e-01 5.45371203e-05 2.00000000e-03
7.06000000e-01 5.34532289e-05 2.00000000e-03
7.08000000e-01 5.23731075e-05 2.00000000e-03
7.10000000e-01 5.12969146e-05 2.00000000e-03
7.12000000e-01 5.02248082e-05 2.00000000e-03
7.14000000e-01 4.91569462e-05 2.00000000e-03
7.16000000e-01 4.80934857e-05 2.00000000e-03
7.18000000e-01 4.70345835e-05 2.00000000e-03
7.20000000e-01 4.59803959e-05 2.00000000e-03
7.22000000e-01 4.49310787e-05 2.00000000e-03
7.24000000e-01 4.38867871e-05 2.00000000e-03
7.26000000e-01 4.28476759e-05 2.00000000e-03
7.28000000e-01 4.18138992e-05 2.00000000e-03
7.30000000e-01 4.07856107e-05 2.00000000e-03
7.32000000e-01 3.97629632e-05 2.00000000e-03
7.34000000e-01 3.87461093e-05 2.00000000e-03
7.36000000e-01 3.77352007e-05 2.00000000e-03
7.38000000e-01 3.67303885e-05 2.00000000e-03
7.40000000e-01 3.57318232e-05 2.00000000e-03
7.42000000e-01 3.47396545e-05 2.00000000e-03
7.44000000e-01 3.37540315e-05 2.00000000e-03
7.46000000e-01 3.27751025e-05 2.00000000e-03
7.48000000e-01 3.18030153e-05 2.00000000e-03
7.50000000e-01 3.08379166e-05 2.00000000e-03
7.52000000e-01 2.98799525e-05 2.00000000e-03
7.54000000e-01 2.89292684e-05 2.00000000e-03
7.56000000e-01 2.79860087e-05 2.00000000e-03
7.58000000e-01 2.70503170e-05 2.00000000e-03
7.60000000e-01 2.61223363e-05 2.00000000e-03
7.62000000e-01 2.52022083e-05 2.00000000e-03
7.64000000e-01 2.42900742e-05 2.00000000e-03
7.66000000e-01 2.33860741e-05 2.00000000e-03
7.68000000e-01 2.24903472e-05 2.00000000e-03
7.70000000e-01 2.16030318e-05 2.00000000e-03
7.72000000e-01 2.07242653e-05 2.00000000e-03
7.74000000e-01 1.98541838e-05 2.00000000e-03
7.76000000e-01 1.89929229e-05 2.00000000e-03
7.78000000e-01 1.81406167e-05 2.00000000e-03
7.80000000e-01 1.72973986e-05 2.00000000e-03
7.82000000e-01 1.64634007e-05 2.00000000e-03
7.84000000e-01 1.56387541e-05 2.00000000e-03
7.86000000e-01 1.48235890e-05 2.00000000e-03
7.88000000e-01 1.40180342e-05 2.00000000e-03
7.90000000e-01 1.32222174e-05 2.00000000e-03
7.92000000e-01 1.24362653e-05 2.00000000e-03
7.94000000e-01 1.16603033e-05 2.00000000e-03
7.96000000e-01 1.08944557e-05 2.00000000e-03
7.98000000e-01 1.01388454e-05 2.00000000e-03
8.00000000e-01 9.39359423e-06 2.00000000e-03
8.02000000e-01 8.65882272e-06 2.00000000e-03
8.04000000e-01 7.93465010e-06 2.00000000e-03
8.06000000e-01 7.22119429e-06 2.00000000e-03
8.08000000e-01 6.51857194e-06 2.00000000e-03
8.10000000e-01 5.82689832e-06 2.00000000e-03
8.12000000e-01 5.14628736e-06 2.00000000e-03
8.14000000e-01 4.47685160e-06 2.00000000e-03
8.16000000e-01 3.81870220e-06 2.00000000e-03
8.18000000e-01 3.17194888e-06 2.00000000e-03
8.20000000e-01 2.53669992e-06 2.00000000e-03
8.22000000e-01 1.91306217e-06 2.00000000e-03
8.24000000e-01 1.30114097e-06 2.00000000e-03
8.26000000e-01 7.01040177e-07 2.00000000e-03
8.28000000e-01 1.12862117e-07 2.00000000e-03
8.30000000e-01 4.63292414e-07 2.00000000e-03
8.32000000e-01 1.02732419e-06 2.00000000e-03
8.34000000e-01 1.57913555e-06 2.00000000e-03
8.36000000e-01 2.11863044e-06 2.00000000e-03
8.38000000e-01 2.64571445e-06 2.00000000e-03
8.40000000e-01 3.16029476e-06 2.00000000e-03
8.42000000e-01 3.66228026e-06 2.00000000e-03
8.44000000e-01 4.15158148e-06 2.00000000e-03
8.46000000e-01 4.62811068e-06 2.00000000e-03
8.48000000e-01 5.09178182e-06 2.00000000e-03
8.50000000e-01 5.54251060e-06 2.00000000e-03
8.52000000e-01 5.98021450e-06 2.00000000e-03
8.54000000e-01 6.40481275e-06 2.00000000e-03
8.56000000e-01 6.81622639e-06 2.00000000e-03
8.58000000e-01 7.21437827e-06 2.00000000e-03
8.60000000e-01 7.59919310e-06 2.00000000e-03
8.62000000e-01 7.97059741e-06 2.00000000e-03
8.64000000e-01 8.32851962e-06 2.00000000e-03
8.66000000e-01 8.67289005e-06 2.00000000e-03
8.68000000e-01 9.00364092e-06 2.00000000e-03
8.70000000e-01 9.32070640e-06 2.00000000e-03
8.72000000e-01 9.62402257e-06 2.00000000e-03
8.74000000e-01 9.91352751e-06 2.00000000e-03
8.76000000e-01 1.01891613e-05 2.00000000e-03
8.78000000e-01 1.04508659e-05 2.00000000e-03
8.80000000e-01 1.06985856e-05 2.00000000e-03
8.82000000e-01 1.09322663e-05 2.00000000e-03
8.84000000e-01 1.11518562e-05 2.00000000e-03
8.86000000e-01 1.13573057e-05 2.00000000e-03
8.88000000e-01 1.15485669e-05 2.00000000e-03
8.90000000e-01 1.17255945e-05 2.00000000e-03
8.92000000e-01 1.18883449e-05 2.00000000e-03
8.94000000e-01 1.20367768e-05 2.00000000e-03
8.96000000e-01 1.21708512e-05 2.00000000e-03
8.98000000e-01 1.22905310e-05 2.00000000e-03
9.00000000e-01 1.23957815e-05 2.00000000e-03
9.02000000e-01 1.24865700e-05 2.00000000e-03
9.04000000e-01 1.25628663e-05 2.00000000e-03
9.06000000e-01 1.26246422e-05 2.00000000e-03
9.08000000e-01 1.26718718e-05 2.00000000e-03
9.10000000e-01 1.27045315e-05 2.00000000e-03
9.12000000e-01 1.27225999e-05 2.00000000e-03
9.14000000e-01 1.27260581e-05 2.00000000e-03
9.16000000e-01 1.27148892e-05 2.00000000e-03
9.18000000e-01 1.26890788e-05 2.00000000e-03
9.20000000e-01 1.26486148e-05 2.00000000e-03
9.22000000e-01 1.25934874e-05 2.00000000e-03
9.24000000e-01 1.25236893e-05 2.00000000e-03
9.26000000e-01 1.24392153e-05 2.00000000e-03
9.28000000e-01 1.23400628e-05 2.00000000e-03
9.30000000e-01 1.22262315e-05 2.00000000e-03
9.32000000e-01 1.20977234e-05 2.00000000e-03
9.34000000e-01 1.19545432e-05 2.00000000e-03
9.36000000e-01 1.17966976e-05 2.00000000e-03
9.38000000e-01 1.16241961e-05 2.00000000e-03
9.40000000e-01 1.14370504e-05 2.00000000e-03
9.42000000e-01 1.12352748e-05 2.00000000e-03
9.44000000e-01 1.10188859e-05 2.00000000e-03
9.46000000e-01 1.07879028e-05 2.00000000e-03
9.48000000e-01 1.05423472e-05 2.00000000e-03
9.50000000e-01 1.02822430e-05 2.00000000e-03
9.52000000e-01 1.00076169e-05 2.00000000e-03
9.54000000e-01 9.71849788e-06 2.00000000e-03
9.56000000e-01 9.41491736e-06 2.00000000e-03
9.58000000e-01 9.09690940e-06 2.00000000e-03
9.60000000e-01 8.76451048e-06 2.00000000e-03
9.62000000e-01 8.41775959e-06 2.00000000e-03
9.64000000e-01 8.05669823e-06 2.00000000e-03
9.66000000e-01 7.68137039e-06 2.00000000e-03
9.68000000e-01 7.29182258e-06 2.00000000e-03
9.70000000e-01 6.88810382e-06 2.00000000e-03
9.72000000e-01 6.47026562e-06 2.00000000e-03
9.74000000e-01 6.03836201e-06 2.00000000e-03
9.76000000e-01 5.59244955e-06 2.00000000e-03
9.78000000e-01 5.13258727e-06 2.00000000e-03
9.80000000e-01 4.65883674e-06 2.00000000e-03
9.82000000e-01 4.17126203e-06 2.00000000e-03
9.84000000e-01 3.66992969e-06 2.00000000e-03
9.86000000e-01 3.15490879e-06 2.00000000e-03
9.88000000e-01 2.62627089e-06 2.00000000e-03
9.90000000e-01 2.08409005e-06 2.00000000e-03
9.92000000e-01 1.52844281e-06 2.00000000e-03
9.94000000e-01 9.59408198e-07 2.00000000e-03
9.96000000e-01 3.77067706e-07 2.00000000e-03
9.98000000e-01 2.18494697e-07 2.00000000e-03
1.00000000e+00 8.27192579e-07 2.00000000e-03
1.00200000e+00 1.44893706e-06 2.00000000e-03
1.00400000e+00 2.08363680e-06 2.00000000e-03
1.00600000e+00 2.73119805e-06 2.00000000e-03
1.00800000e+00 3.39152461e-06 2.00000000e-03
1.01000000e+00 4.06451787e-06 2.00000000e-03
1.01200000e+00 4.75007682e-06 2.00000000e-03
1.01400000e+00 5.44809805e-06 2.00000000e-03
1.01600000e+00 6.15847578e-06 2.00000000e-03
1.01800000e+00 6.88110186e-06 2.00000000e-03
1.02000000e+00 7.61586576e-06 2.00000000e-03
1.02200000e+00 8.36265465e-06 2.00000000e-03
1.02400000e+00 9.12135334e-06 2.00000000e-03
1.02600000e+00 9.89184436e-06 2.00000000e-03
1.02800000e+00 1.06740079e-05 2.00000000e-03
1.03000000e+00 1.14677220e-05 2.00000000e-03
1.03200000e+00 1.22728622e-05 2.00000000e-03
1.03400000e+00 1.30893021e-05 2.00000000e-03
1.03600000e+00 1.39169128e-05 2.00000000e-03
1.03800000e+00 1.47555633e-05 2.00000000e-03
1.04000000e+00 1.56051206e-05 2.00000000e-03
1.04200000e+00 1.64654492e-05 2.00000000e-03
1.04400000e+00 1.73364118e-05 2.00000000e-03
1.04600000e+00 1.82178686e-05 2.00000000e-03
1.04800000e+00 1.91096782e-05 2.00000000e-03
1.05000000e+00 2.00116966e-05 2.00000000e-03
1.05200000e+00 2.09237780e-05 2.00000000e-03
1.05400000e+00 2.18457748e-05 2.00000000e-03
1.05600000e+00 2.27775369e-05 2.00000000e-03
1.05800000e+00 2.37189127e-05 2.00000000e-03
1.06000000e+00 2.46697483e-05 2.00000000e-03
1.06200000e+00 2.56298882e-05 2.00000000e-03
1.06400000e+00 2.65991747e-05 2.00000000e-03
1.06600000e+00 2.75774483e-05 2.00000000e-03
1.06800000e+00 2.85645479e-05 2.00000000e-03
1.07000000e+00 2.95603104e-05 2.00000000e-03
1.07200000e+00 3.05645708e-05 2.00000000e-03
1.07400000e+00 3.15771626e-05 2.00000000e-03
1.07600000e+00 3.25979175e-05 2.00000000e-03
1.07800000e+00 3.36266655e-05 2.00000000e-03
1.08000000e+00 3.46632349e-05 2.00000000e-03
1.08200000e+00 3.57074524e-05 2.00000000e-03
1.08400000e+00 3.67591432e-05 2.00000000e-03
1.08600000e+00 3.78181309e-05 2.00000000e-03
1.08800000e+00 3.88842374e-05 2.00000000e-03
1.09000000e+00 3.99572835e-05 2.00000000e-03
1.09200000e+00 4.10370881e-05 2.00000000e-03
1.09400000e+00 4.21234691e-05 2.00000000e-03
1.09600000e+00 4.32162427e-05 2.00000000e-03
1.09800000e+00 4.43152240e-05 2.00000000e-03
1.10000000e+00 4.54202265e-05 2.00000000e-03
1.10200000e+00 4.65310628e-05 2.00000000e-03
1.10400000e+00 4.76475440e-05 2.00000000e-03
1.10600000e+00 4.87694801e-05 2.00000000e-03
1.10800000e+00 4.98966800e-05 2.00000000e-03
1.11000000e+00 5.10289513e-05 2.00000000e-03
1.11200000e+00 5.21661008e-05 2.00000000e-03
1.11400000e+00 5.33079339e-05 2.00000000e-03
1.11600000e+00 5.44542554e-05 2.00000000e-03
1.11800000e+00 5.56048690e-05 2.00000000e-03
1.12000000e+00 5.67595772e-05 2.00000000e-03
1.12200000e+00 5.79181821e-05 2.00000000e-03
1.12400000e+00 5.90804847e-05 2.00000000e-03
1.12600000e+00 6.02462851e-05 2.00000000e-03
1.12800000e+00 6.14153830e-05 2.00000000e-03
1.13000000e+00 6.25875771e-05 2.00000000e-03
1.13200000e+00 6.37626656e-05 2.00000000e-03
1.13400000e+00 6.49404459e-05 2.00000000e-03
1.13600000e+00 6.61207150e-05 2.00000000e-03
1.13800000e+00 6.73032693e-05 2.00000000e-03
1.14000000e+00 6.84879046e-05 2.00000000e-03
1.14200000e+00 6.96744165e-05 2.00000000e-03
1.14400000e+00 7.08626000e-05 2.00000000e-03
1.14600000e+00 7.20522498e-05 2.00000000e-03
1.14800000e+00 7.32431602e-05 2.00000000e-03
1.15000000e+00 7.44351253e-05 2.00000000e-03
1.15200000e+00 7.56279391e-05 2.00000000e-03
1.15400000e+00 7.68213951e-05 2.00000000e-03
1.15600000e+00 7.80152870e-05 2.00000000e-03
1.15800000e+00 7.92094082e-05 2.00000000e-03
1.16000000e+00 8.04035520e-05 2.00000000e-03
1.16200000e+00 8.15975118e-05 2.00000000e-03
1.16400000e+00 8.27910811e-05 2.00000000e-03
1.16600000e+00 8.39840533e-05 2.00000000e-03
1.16800000e+00 8.51762221e-05 2.00000000e-03
1.17000000e+00 8.63673813e-05 2.00000000e-03
1.17200000e+00 8.75573248e-05 2.00000000e-03
1.17400000e+00 8.87458469e-05 2.00000000e-03
1.17600000e+00 8.99327422e-05 2.00000000e-03
1.17800000e+00 9.11178055e-05 2.00000000e-03
1.18000000e+00 9.23008322e-05 2.00000000e-03
1.18200000e+00 9.34816180e-05 2.00000000e-03
1.18400000e+00 9.46599590e-05 2.00000000e-03
1.18600000e+00 9.58356521e-05 2.00000000e-03
1.18800000e+00 9.70084944e-05 2.00000000e-03
1.19000000e+00 9.81782838e-05 2.00000000e-03
1.19200000e+00 9.93448189e-05 2.00000000e-03
1.19400000e+00 1.00507899e-04 2.00000000e-03
1.19600000e+00 1.01667324e-04 2.00000000e-03
1.19800000e+00 1.02822894e-04 2.00000000e-03
1.20000000e+00 1.03974412e-04 2.00000000e-03
1.20200000e+00 1.05121679e-04 2.00000000e-03
1.20400000e+00 1.06264499e-04 2.00000000e-03
1.20600000e+00 1.07402676e-04 2.00000000e-03
1.20800000e+00 1.08536015e-04 2.00000000e-03
1.21000000e+00 1.09664323e-04 2.00000000e-03
1.21200000e+00 1.10787406e-04 2.00000000e-03
1.21400000e+00 1.11905074e-04 2.00000000e-03
1.21600000e+00 1.13017136e-04 2.00000000e-03
1.21800000e+00 1.14123402e-04 2.00000000e-03
1.22000000e+00 1.15223685e-04 2.00000000e-03
1.22200000e+00 1.16317797e-04 2.00000000e-03
1.22400000e+00 1.17405553e-04 2.00000000e-03
1.22600000e+00 1.18486769e-04 2.00000000e-03
1.22800000e+00 1.19561263e-04 2.00000000e-03
1.23000000e+00 1.20628852e-04 2.00000000e-03
1.23200000e+00 1.21689357e-04 2.00000000e-03
1.23400000e+00 1.22742599e-04 2.00000000e-03
1.23600000e+00 1.23788401e-04 2.00000000e-03
1.23800000e+00 1.24826588e-04 2.00000000e-03
1.24000000e+00 1.25856986e-04 2.00000000e-03
1.24200000e+00 1.26879423e-04 2.00000000e-03
1.24400000e+00 1.27893728e-04 2.00000000e-03
1.24600000e+00 1.28899732e-04 2.00000000e-03
1.24800000e+00 1.29897267e-04 2.00000000e-03
1.25000000e+00 1.30886170e-04 2.00000000e-03
1.25200000e+00 1.31866274e-04 2.00000000e-03
1.25400000e+00 1.32837420e-04 2.00000000e-03
1.25600000e+00 1.33799446e-04 2.00000000e-03
1.25800000e+00 1.34752195e-04 2.00000000e-03
1.26000000e+00 1.35695509e-04 2.00000000e-03
1.26200000e+00 1.36629236e-04 2.00000000e-03
1.26400000e+00 1.37553221e-04 2.00000000e-03
1.26600000e+00 1.38467315e-04 2.00000000e-03
1.26800000e+00 1.39371369e-04 2.00000000e-03
1.27000000e+00 1.40265237e-04 2.00000000e-03
1.27200000e+00 1.41148773e-04 2.00000000e-03
1.27400000e+00 1.42021837e-04 2.00000000e-03
1.27600000e+00 1.42884287e-04 2.00000000e-03
1.27800000e+00 1.43735985e-04 2.00000000e-03
1.28000000e+00 1.44576795e-04 2.00000000e-03
1.28200000e+00 1.45406584e-04 2.00000000e-03
1.28400000e+00 1.46225219e-04 2.00000000e-03
1.28600000e+00 1.47032571e-04 2.00000000e-03
1.28800000e+00 1.47828513e-04 2.00000000e-03
1.29000000e+00 1.48612920e-04 2.00000000e-03
1.29200000e+00 1.49385668e-04 2.00000000e-03
1.29400000e+00 1.50146638e-04 2.00000000e-03
1.29600000e+00 1.50895711e-04 2.00000000e-03
1.29800000e+00 1.51632772e-04 2.00000000e-03
1.30000000e+00 1.52357706e-04 2.00000000e-03
1.30200000e+00 1.53070403e-04 2.00000000e-03
1.30400000e+00 1.53770753e-04 2.00000000e-03
1.30600000e+00 1.54458651e-04 2.00000000e-03
1.30800000e+00 1.55133991e-04 2.00000000e-03
1.31000000e+00 1.55796672e-04 2.00000000e-03
1.31200000e+00 1.56446596e-04 2.00000000e-03
1.31400000e+00 1.57083664e-04 2.00000000e-03
1.31600000e+00 1.57707783e-04 2.00000000e-03
1.31800000e+00 1.58318860e-04 2.00000000e-03
1.32000000e+00 1.58916806e-04 2.00000000e-03
1.32200000e+00 1.59501534e-04 2.00000000e-03
1.32400000e+00 1.60072959e-04 2.00000000e-03
1.32600000e+00 1.60630999e-04 2.00000000e-03
1.32800000e+00 1.61175574e-04 2.00000000e-03
1.33000000e+00 1.61706606e-04 2.00000000e-03
1.33200000e+00 1.62224022e-04 2.00000000e-03
1.33400000e+00 1.62727749e-04 2.00000000e-03
1.33600000e+00 1.63217718e-04 2.00000000e-03
1.33800000e+00 1.63693860e-04 2.00000000e-03
1.34000000e+00 1.64156111e-04 2.00000000e-03
1.34200000e+00 1.64604410e-04 2.00000000e-03
1.34400000e+00 1.65038696e-04 2.00000000e-03
1.34600000e+00 1.65458912e-04 2.00000000e-03
1.34800000e+00 1.65865004e-04 2.00000000e-03
1.35000000e+00 1.66256919e-04 2.00000000e-03
1.35200000e+00 1.66634609e-04 2.00000000e-03
1.35400000e+00 1.66998025e-04 2.00000000e-03
1.35600000e+00 1.67347123e-04 2.00000000e-03
1.35800000e+00 1.67681861e-04 2.00000000e-03
1.36000000e+00 1.68002200e-04 2.00000000e-03
1.36200000e+00 1.68308102e-04 2.00000000e-03
1.36400000e+00 1.68599533e-04 2.00000000e-03
1.36600000e+00 1.68876461e-04 2.00000000e-03
1.36800000e+00 1.69138857e-04 2.00000000e-03
1.37000000e+00 1.69386693e-04 2.00000000e-03
1.37200000e+00 1.69619945e-04 2.00000000e-03
1.37400000e+00 1.69838590e-04 2.00000000e-03
1.37600000e+00 1.70042610e-04 2.00000000e-03
1.37800000e+00 1.70231986e-04 2.00000000e-03
1.38000000e+00 1.70406705e-04 2.00000000e-03
1.38200000e+00 1.70566753e-04 2.00000000e-03
1.38400000e+00 1.70712122e-04 2.00000000e-03
1.38600000e+00 1.70842804e-04 2.00000000e-03
1.38800000e+00 1.70958794e-04 2.00000000e-03
1.39000000e+00 1.71060089e-04 2.00000000e-03
1.39200000e+00 1.71146690e-04 2.00000000e-03
1.39400000e+00 1.71218599e-04 2.00000000e-03
1.39600000e+00 1.71275819e-04 2.00000000e-03
1.39800000e+00 1.71318360e-04 2.00000000e-03
1.40000000e+00 1.71346229e-04 2.00000000e-03
1.40200000e+00 1.71359439e-04 2.00000000e-03
1.40400000e+00 1.71358003e-04 2.00000000e-03
1.40600000e+00 1.71341939e-04 2.00000000e-03
1.40800000e+00 1.71311265e-04 2.00000000e-03
1.41000000e+00 1.71266002e-04 2.00000000e-03
1.41200000e+00 1.71206173e-04 2.00000000e-03
1.41400000e+00 1.71131804e-04 2.00000000e-03
1.41600000e+00 1.71042923e-04 2.00000000e-03
1.41800000e+00 1.70939560e-04 2.00000000e-03
1.42000000e+00 1.70821747e-04 2.00000000e-03
1.42200000e+00 1.70689520e-04 2.00000000e-03
1.42400000e+00 1.70542914e-04 2.00000000e-03
1.42600000e+00 1.70381968e-04 2.00000000e-03
1.42800000e+00 1.70206725e-04 2.00000000e-03
1.43000000e+00 1.70017226e-04 2.00000000e-03
1.43200000e+00 1.69813518e-04 2.00000000e-03
1.43400000e+00 1.69595648e-04 2.00000000e-03
1.43600000e+00 1.69363665e-04 2.00000000e-03
1.43800000e+00 1.69117622e-04 2.00000000e-03
1.44000000e+00 1.68857571e-04 2.00000000e-03
1.44200000e+00 1.68583570e-04 2.00000000e-03
1.44400000e+00 1.68295675e-04 2.00000000e-03
1.44600000e+00 1.67993947e-04 2.00000000e-03
1.44800000e+00 1.67678448e-04 2.00000000e-03
1.45000000e+00 1.67349240e-04 2.00000000e-03
1.45200000e+00 1.67006391e-04 2.00000000e-03
1.45400000e+00 1.66649968e-04 2.00000000e-03
1.45600000e+00 1.66280040e-04 2.00000000e-03
1.45800000e+00 1.65896680e-04 2.00000000e-03
1.46000000e+00 1.65499959e-04 2.00000000e-03
1.46200000e+00 1.65089955e-04 2.00000000e-03
1.46400000e+00 1.64666744e-04 2.00000000e-03
1.46600000e+00 1.64230405e-04 2.00000000e-03
1.46800000e+00 1.63781018e-04 2.00000000e-03
1.47000000e+00 1.63318667e-04 2.00000000e-03
1.47200000e+00 1.62843436e-04 2.00000000e-03
1.47400000e+00 1.62355410e-04 2.00000000e-03
1.47600000e+00 1.61854679e-04 2.00000000e-03
1.47800000e+00 1.61341330e-04 2.00000000e-03
1.48000000e+00 1.60815456e-04 2.00000000e-03
1.48200000e+00 1.60277149e-04 2.00000000e-03
1.48400000e+00 1.59726504e-04 2.00000000e-03
1.48600000e+00 1.59163616e-04 2.00000000e-03
1.48800000e+00 1.58588585e-04 2.00000000e-03
1.49000000e+00 1.58001509e-04 2.00000000e-03
1.49200000e+00 1.57402489e-04 2.00000000e-03
1.49400000e+00 1.56791627e-04 2.00000000e-03
1.49600000e+00 1.56169028e-04 2.00000000e-03
1.49800000e+00 1.55534796e-04 2.00000000e-03
1.50000000e+00 1.54889040e-04 2.00000000e-03
1.50200000e+00 1.54231868e-04 2.00000000e-03
1.50400000e+00 1.53563388e-04 2.00000000e-03
1.50600000e+00 1.52883713e-04 2.00000000e-03
1.50800000e+00 1.52192956e-04 2.00000000e-03
1.51000000e+00 1.51491230e-04 2.00000000e-03
1.51200000e+00 1.50778652e-04 2.00000000e-03
1.51400000e+00 1.50055337e-04 2.00000000e-03
1.51600000e+00 1.49321404e-04 2.00000000e-03
1.51800000e+00 1.48576972e-04 2.00000000e-03
1.52000000e+00 1.47822162e-04 2.00000000e-03
1.52200000e+00 1.47057097e-04 2.00000000e-03
1.52400000e+00 1.46281899e-04 2.00000000e-03
1.52600000e+00 1.45496693e-04 2.00000000e-03
1.52800000e+00 1.44701604e-04 2.00000000e-03
1.53000000e+00 1.43896759e-04 2.00000000e-03
1.53200000e+00 1.43082287e-04 2.00000000e-03
1.53400000e+00 1.42258315e-04 2.00000000e-03
1.53600000e+00 1.41424976e-04 2.00000000e-03
1.53800000e+00 1.40582400e-04 2.00000000e-03
1.54000000e+00 1.39730719e-04 2.00000000e-03
1.54200000e+00 1.38870066e-04 2.00000000e-03
1.54400000e+00 1.38000578e-04 2.00000000e-03
1.54600000e+00 1.37122388e-04 2.00000000e-03
1.54800000e+00 1.36235634e-04 2.00000000e-03
1.55000000e+00 1.35340453e-04 2.00000000e-03
1.55200000e+00 1.34436984e-04 2.00000000e-03
1.55400000e+00 1.33525366e-04 2.00000000e-03
1.55600000e+00 1.32605739e-04 2.00000000e-03
1.55800000e+00 1.31678245e-04 2.00000000e-03
1.56000000e+00 1.30743026e-04 2.00000000e-03
1.56200000e+00 1.29800225e-04 2.00000000e-03
1.56400000e+00 1.28849986e-04 2.00000000e-03
1.56600000e+00 1.27892454e-04 2.00000000e-03
1.56800000e+00 1.26927773e-04 2.00000000e-03
1.57000000e+00 1.25956091e-04 2.00000000e-03
1.57200000e+00 1.24977554e-04 2.00000000e-03
1.57400000e+00 1.23992311e-04 2.00000000e-03
1.57600000e+00 1.23000510e-04 2.00000000e-03
1.57800000e+00 1.22002300e-04 2.00000000e-03
1.58000000e+00 1.20997831e-04 2.00000000e-03
1.58200000e+00 1.19987254e-04 2.00000000e-03
1.58400000e+00 1.18970720e-04 2.00000000e-03
1.58600000e+00 1.17948381e-04 2.00000000e-03
1.58800000e+00 1.16920390e-04 2.00000000e-03
1.59000000e+00 1.15886900e-04 2.00000000e-03
1.59200000e+00 1.14848065e-04 2.00000000e-03
1.59400000e+00 1.13804039e-04 2.00000000e-03
1.59600000e+00 1.12754976e-04 2.00000000e-03
1.59800000e+00 1.11701034e-04 2.00000000e-03
1.60000000e+00 1.10642366e-04 2.00000000e-03
1.60200000e+00 1.09579131e-04 2.00000000e-03
1.60400000e+00 1.08511484e-04 2.00000000e-03
1.60600000e+00 1.07439584e-04 2.00000000e-03
1.60800000e+00 1.06363588e-04 2.00000000e-03
1.61000000e+00 1.05283654e-04 2.00000000e-03
1.61200000e+00 1.04199941e-04 2.00000000e-03
1.61400000e+00 1.03112608e-04 2.00000000e-03
1.61600000e+00 1.02021815e-04 2.00000000e-03
1.61800000e+00 1.00927721e-04 2.00000000e-03
1.62000000e+00 9.98304869e-05 2.00000000e-03
1.62200000e+00 9.87302726e-05 2.00000000e-03
1.62400000e+00 9.76272390e-05 2.00000000e-03
1.62600000e+00 9.65215474e-05 2.00000000e-03
1.62800000e+00 9.54133589e-05 2.00000000e-03
1.63000000e+00 9.43028352e-05 2.00000000e-03
1.63200000e+00 9.31901382e-05 2.00000000e-03
1.63400000e+00 9.20754298e-05 2.00000000e-03
1.63600000e+00 9.09588724e-05 2.00000000e-03
1.63800000e+00 8.98406284e-05 2.00000000e-03
1.64000000e+00 8.87208604e-05 2.00000000e-03
1.64200000e+00 8.75997312e-05 2.00000000e-03
1.64400000e+00 8.64774037e-05 2.00000000e-03
1.64600000e+00 8.53540409e-05 2.00000000e-03
1.64800000e+00 8.42298059e-05 2.00000000e-03
1.65000000e+00 8.31048620e-05 2.00000000e-03
1.65200000e+00 8.19793725e-05 2.00000000e-03
1.65400000e+00 8.08535006e-05 2.00000000e-03
1.65600000e+00 7.97274098e-05 2.00000000e-03
1.65800000e+00 7.86012634e-05 2.00000000e-03
1.66000000e+00 7.74752249e-05 2.00000000e-03
1.66200000e+00 7.63494575e-05 2.00000000e-03
1.66400000e+00 7.52241248e-05 2.00000000e-03
1.66600000e+00 7.40993898e-05 2.00000000e-03
1.66800000e+00 7.29754160e-05 2.00000000e-03
1.67000000e+00 7.18523664e-05 2.00000000e-03
1.67200000e+00 7.07304041e-05 2.00000000e-03
1.67400000e+00 6.96096920e-05 2.00000000e-03
1.67600000e+00 6.84903929e-05 2.00000000e-03
1.67800000e+00 6.73726695e-05 2.00000000e-03
1.68000000e+00 6.62566843e-05 2.00000000e-03
1.68200000e+00 6.51425995e-05 2.00000000e-03
1.68400000e+00 6.40305774e-05 2.00000000e-03
1.68600000e+00 6.29207797e-05 2.00000000e-03
1.68800000e+00 6.18133682e-05 2.00000000e-03
1.69000000e+00 6.07085042e-05 2.00000000e-03
1.69200000e+00 5.96063489e-05 2.00000000e-03
1.69400000e+00 5.85070632e-05 2.00000000e-03
1.69600000e+00 5.74108075e-05 2.00000000e-03
1.69800000e+00 5.63177422e-05 2.00000000e-03
1.70000000e+00 5.52280271e-05 2.00000000e-03
1.70200000e+00 5.41418218e-05 2.00000000e-03
1.70400000e+00 5.30592855e-05 2.00000000e-03
1.70600000e+00 5.19805769e-05 2.00000000e-03
1.70800000e+00 5.09058544e-05 2.00000000e-03
1.71000000e+00 4.98352761e-05 2.00000000e-03
1.71200000e+00 4.87689994e-05 2.00000000e-03
1.71400000e+00 4.77071814e-05 2.00000000e-03
1.71600000e+00 4.66499787e-05 2.00000000e-03
1.71800000e+00 4.55975475e-05 2.00000000e-03
1.72000000e+00 4.45500432e-05 2.00000000e-03
1.72200000e+00 4.35076210e-05 2.00000000e-03
1.72400000e+00 4.24704354e-05 2.00000000e-03
1.72600000e+00 4.14386403e-05 2.00000000e-03
1.72800000e+00 4.04123892e-05 2.00000000e-03
1.73000000e+00 3.93918348e-05 2.00000000e-03
1.73200000e+00 3.83771292e-05 2.00000000e-03
1.73400000e+00 3.73684241e-05 2.00000000e-03
1.73600000e+00 3.63658703e-05 2.00000000e-03
1.73800000e+00 3.53696180e-05 2.00000000e-03
1.74000000e+00 3.43798168e-05 2.00000000e-03
1.74200000e+00 3.33966154e-05 2.00000000e-03
1.74400000e+00 3.24201619e-05 2.00000000e-03
1.74600000e+00 3.14506037e-05 2.00000000e-03
1.74800000e+00 3.04880873e-05 2.00000000e-03
1.75000000e+00 2.95327586e-05 2.00000000e-03
1.75200000e+00 2.85847626e-05 2.00000000e-03
1.75400000e+00 2.76442434e-05 2.00000000e-03
1.75600000e+00 2.67113444e-05 2.00000000e-03
1.75800000e+00 2.57862081e-05 2.00000000e-03
1.76000000e+00 2.48689761e-05 2.00000000e-03
1.76200000e+00 2.39597891e-05 2.00000000e-03
1.76400000e+00 2.30587869e-05 2.00000000e-03
1.76600000e+00 2.21661085e-05 2.00000000e-03
1.76800000e+00 2.12818917e-05 2.00000000e-03
1.77000000e+00 2.04062734e-05 2.00000000e-03
1.77200000e+00 1.95393898e-05 2.00000000e-03
1.77400000e+00 1.86813756e-05 2.00000000e-03
1.77600000e+00 1.78323649e-05 2.00000000e-03
1.77800000e+00 1.69924906e-05 2.00000000e-03
1.78000000e+00 1.61618843e-05 2.00000000e-03
1.78200000e+00 1.53406770e-05 2.00000000e-03
1.78400000e+00 1.45289981e-05 2.00000000e-03
1.78600000e+00 1.37269762e-05 2.00000000e-03
1.78800000e+00 1.29347386e-05 2.00000000e-03
1.79000000e+00 1.21524116e-05 2.00000000e-03
1.79200000e+00 1.13801200e-05 2.00000000e-03
1.79400000e+00 1.06179878e-05 2.00000000e-03
1.79600000e+00 9.86613736e-06 2.00000000e-03
1.79800000e+00 9.12469015e-06 2.00000000e-03
1.80000000e+00 8.39376618e-06 2.00000000e-03
1.80200000e+00 7.67348420e-06 2.00000000e-03
1.80400000e+00 6.96396170e-06 2.00000000e-03
1.80600000e+00 6.26531480e-06 2.00000000e-03
1.80800000e+00 5.57765829e-06 2.00000000e-03
1.81000000e+00 4.90110560e-06 2.00000000e-03
1.81200000e+00 4.23576878e-06 2.00000000e-03
1.81400000e+00 3.58175844e-06 2.00000000e-03
1.81600000e+00 2.93918381e-06 2.00000000e-03
1.81800000e+00 2.30815263e-06 2.00000000e-03
1.82000000e+00 1.68877121e-06 2.00000000e-03
1.82200000e+00 1.08114435e-06 2.00000000e-03
1.82400000e+00 4.85375357e-07 2.00000000e-03
1.82600000e+00 9.84340054e-08 2.00000000e-03
1.82800000e+00 6.70183508e-07 2.00000000e-03
1.83000000e+00 1.22977449e-06 2.00000000e-03
1.83200000e+00 1.77710988e-06 2.00000000e-03
1.83400000e+00 2.31209422e-06 2.00000000e-03
1.83600000e+00 2.83463367e-06 2.00000000e-03
1.83800000e+00 3.34463603e-06 2.00000000e-03
1.84000000e+00 3.84201080e-06 2.00000000e-03
1.84200000e+00 4.32666912e-06 2.00000000e-03
1.84400000e+00 4.79852387e-06 2.00000000e-03
1.84600000e+00 5.25748966e-06 2.00000000e-03
1.84800000e+00 5.70348282e-06 2.00000000e-03
1.85000000e+00 6.13642146e-06 2.00000000e-03
1.85200000e+00 6.55622547e-06 2.00000000e-03
1.85400000e+00 6.96281657e-06 2.00000000e-03
1.85600000e+00 7.35611826e-06 2.00000000e-03
1.85800000e+00 7.73605591e-06 2.00000000e-03
1.86000000e+00 8.10255675e-06 2.00000000e-03
1.86200000e+00 8.45554989e-06 2.00000000e-03
1.86400000e+00 8.79496633e-06 2.00000000e-03
1.86600000e+00 9.12073901e-06 2.00000000e-03
1.86800000e+00 9.43280277e-06 2.00000000e-03
1.87000000e+00 9.73109445e-06 2.00000000e-03
1.87200000e+00 1.00155528e-05 2.00000000e-03
1.87400000e+00 1.02861187e-05 2.00000000e-03
1.87600000e+00 1.05427348e-05 2.00000000e-03
1.87800000e+00 1.07853461e-05 2.00000000e-03
1.88000000e+00 1.10138993e-05 2.00000000e-03
1.88200000e+00 1.12283433e-05 2.00000000e-03
1.88400000e+00 1.14286293e-05 2.00000000e-03
1.88600000e+00 1.16147103e-05 2.00000000e-03
1.88800000e+00 1.17865415e-05 2.00000000e-03
1.89000000e+00 1.19440802e-05 2.00000000e-03
1.89200000e+00 1.20872859e-05 2.00000000e-03
1.89400000e+00 1.22161204e-05 2.00000000e-03
1.89600000e+00 1.23305474e-05 2.00000000e-03
1.89800000e+00 1.24305329e-05 2.00000000e-03
1.90000000e+00 1.25160451e-05 2.00000000e-03
1.90200000e+00 1.25870546e-05 2.00000000e-03
1.90400000e+00 1.26435340e-05 2.00000000e-03
1.90600000e+00 1.26854583e-05 2.00000000e-03
1.90800000e+00 1.27128046e-05 2.00000000e-03
1.91000000e+00 1.27255525e-05 2.00000000e-03
1.91200000e+00 1.27236837e-05 2.00000000e-03
1.91400000e+00 1.27071823e-05 2.00000000e-03
1.91600000e+00 1.26760347e-05 2.00000000e-03
1.91800000e+00 1.26302297e-05 2.00000000e-03
1.92000000e+00 1.25697584e-05 2.00000000e-03
1.92200000e+00 1.24946142e-05 2.00000000e-03
1.92400000e+00 1.24047929e-05 2.00000000e-03
1.92600000e+00 1.23002926e-05 2.00000000e-03
1.92800000e+00 1.21811141e-05 2.00000000e-03
1.93000000e+00 1.20472601e-05 2.00000000e-03
1.93200000e+00 1.18987362e-05 2.00000000e-03
1.93400000e+00 1.17355502e-05 2.00000000e-03
1.93600000e+00 1.15577121e-05 2.00000000e-03
1.93800000e+00 1.13652349e-05 2.00000000e-03
1.94000000e+00 1.11581334e-05 2.00000000e-03
1.94200000e+00 1.09364254e-05 2.00000000e-03
1.94400000e+00 1.07001308e-05 2.00000000e-03
1.94600000e+00 1.04492720e-05 2.00000000e-03
1.94800000e+00 1.01838742e-05 2.00000000e-03
1.95000000e+00 9.90396469e-06 2.00000000e-03
1.95200000e+00 9.60957340e-06 2.00000000e-03
1.95400000e+00 9.30073277e-06 2.00000000e-03
1.95600000e+00 8.97747768e-06 2.00000000e-03
1.95800000e+00 8.63984556e-06 2.00000000e-03
1.96000000e+00 8.28787629e-06 2.00000000e-03
1.96200000e+00 7.92161228e-06 2.00000000e-03
1.96400000e+00 7.54109846e-06 2.00000000e-03
1.96600000e+00 7.14638223e-06 2.00000000e-03
1.96800000e+00 6.73751352e-06 2.00000000e-03
1.97000000e+00 6.31454477e-06 2.00000000e-03
1.97200000e+00 5.87753092e-06 2.00000000e-03
1.97400000e+00 5.42652944e-06 2.00000000e-03
1.97600000e+00 4.96160028e-06 2.00000000e-03
1.97800000e+00 4.48280592e-06 2.00000000e-03
1.98000000e+00 3.99021132e-06 2.00000000e-03
1.98200000e+00 3.48388398e-06 2.00000000e-03
1.98400000e+00 2.96389386e-06 2.00000000e-03
1.98600000e+00 2.43031344e-06 2.00000000e-03
1.98800000e+00 1.88321767e-06 2.00000000e-03
1.99000000e+00 1.32268400e-06 2.00000000e-03
1.99200000e+00 7.48792357e-07 2.00000000e-03
1.99400000e+00 1.61625143e-07 2.00000000e-03
1.99600000e+00 4.38732778e-07 2.00000000e-03
1.99800000e+00 1.05219408e-06 2.00000000e-03
2.00000000e+00 1.67866899e-06 2.00000000e-03
2.00200000e+00 2.31806529e-06 2.00000000e-03
2.00400000e+00 2.97028833e-06 2.00000000e-03
2.00600000e+00 3.63524103e-06 2.00000000e-03
2.00800000e+00 4.31282392e-06 2.00000000e-03
2.01000000e+00 5.00293510e-06 2.00000000e-03
2.01200000e+00 5.70547030e-06 2.00000000e-03
2.01400000e+00 6.42032286e-06 2.00000000e-03
2.01600000e+00 7.14738378e-06 2.00000000e-03
2.01800000e+00 7.88654169e-06 2.00000000e-03
2.02000000e+00 8.63768289e-06 2.00000000e-03
2.02200000e+00 9.40069137e-06 2.00000000e-03
2.02400000e+00 1.01754488e-05 2.00000000e-03
2.02600000e+00 1.09618346e-05 2.00000000e-03
2.02800000e+00 1.17597258e-05 2.00000000e-03
2.03000000e+00 1.25689974e-05 2.00000000e-03
2.03200000e+00 1.33895219e-05 2.00000000e-03
2.03400000e+00 1.42211698e-05 2.00000000e-03
2.03600000e+00 1.50638093e-05 2.00000000e-03
2.03800000e+00 1.59173065e-05 2.00000000e-03
2.04000000e+00 1.67815252e-05 2.00000000e-03
2.04200000e+00 1.76563272e-05 2.00000000e-03
2.04400000e+00 1.85415721e-05 2.00000000e-03
2.04600000e+00 1.94371176e-05 2.00000000e-03
2.04800000e+00 2.03428191e-05 2.00000000e-03
2.05000000e+00 2.12585300e-05 2.00000000e-03
2.05200000e+00 2.21841018e-05 2.00000000e-03
2.05400000e+00 2.31193840e-05 2.00000000e-03
2.05600000e+00 2.40642240e-05 2.00000000e-03
2.05800000e+00 2.50184674e-05 2.00000000e-03
2.06000000e+00 2.59819578e-05 2.00000000e-03
2.06200000e+00 2.69545369e-05 2.00000000e-03
2.06400000e+00 2.79360447e-05 2.00000000e-03
2.06600000e+00 2.89263192e-05 2.00000000e-03
2.06800000e+00 2.99251968e-05 2.00000000e-03
2.07000000e+00 3.09325118e-05 2.00000000e-03
2.07200000e+00 3.19480971e-05 2.00000000e-03
2.07400000e+00 3.29717837e-05 2.00000000e-03
2.07600000e+00 3.40034011e-05 2.00000000e-03
2.07800000e+00 3.50427769e-05 2.00000000e-03
2.08000000e+00 3.60897374e-05 2.00000000e-03
2.08200000e+00 3.71441070e-05 2.00000000e-03
2.08400000e+00 3.82057088e-05 2.00000000e-03
2.08600000e+00 3.92743643e-05 2.00000000e-03
2.08800000e+00 4.03498936e-05 2.00000000e-03
2.09000000e+00 4.14321153e-05 2.00000000e-03
2.09200000e+00 4.25208465e-05 2.00000000e-03
2.09400000e+00 4.36159031e-05 2.00000000e-03
2.09600000e+00 4.47170996e-05 2.00000000e-03
2.09800000e+00 4.58242492e-05 2.00000000e-03
2.10000000e+00 4.69371639e-05 2.00000000e-03
2.10200000e+00 4.80556545e-05 2.00000000e-03
2.10400000e+00 4.91795304e-05 2.00000000e-03
2.10600000e+00 5.03086002e-05 2.00000000e-03
2.10800000e+00 5.14426711e-05 2.00000000e-03
2.11000000e+00 5.25815494e-05 2.00000000e-03
2.11200000e+00 5.37250404e-05 2.00000000e-03
2.11400000e+00 5.48729483e-05 2.00000000e-03
2.11600000e+00 5.60250765e-05 2.00000000e-03
2.11800000e+00 5.71812273e-05 2.00000000e-03
2.12000000e+00 5.83412024e-05 2.00000000e-03
2.12200000e+00 5.95048025e-05 2.00000000e-03
2.12400000e+00 6.06718275e-05 2.00000000e-03
2.12600000e+00 6.18420767e-05 2.00000000e-03
2.12800000e+00 6.30153486e-05 2.00000000e-03
2.13000000e+00 6.41914412e-05 2.00000000e-03
2.13200000e+00 6.53701517e-05 2.00000000e-03
2.13400000e+00 6.65512769e-05 2.00000000e-03
2.13600000e+00 6.77346130e-05 2.00000000e-03
2.13800000e+00 6.89199557e-05 2.00000000e-03
2.14000000e+00 7.01071004e-05 2.00000000e-03
2.14200000e+00 7.12958418e-05 2.00000000e-03
2.14400000e+00 7.24859747e-05 2.00000000e-03
2.14600000e+00 7.36772932e-05 2.00000000e-03
2.14800000e+00 7.48695914e-05 2.00000000e-03
2.15000000e+00 7.60626631e-05 2.00000000e-03
2.15200000e+00 7.72563018e-05 2.00000000e-03
2.15400000e+00 7.84503011e-05 2.00000000e-03
2.15600000e+00 7.96444544e-05 2.00000000e-03
2.15800000e+00 8.08385552e-05 2.00000000e-03
2.16000000e+00 8.20323966e-05 2.00000000e-03
2.16200000e+00 8.32257723e-05 2.00000000e-03
2.16400000e+00 8.44184757e-05 2.00000000e-03
2.16600000e+00 8.56103006e-05 2.00000000e-03
2.16800000e+00 8.68010407e-05 2.00000000e-03
2.17000000e+00 8.79904902e-05 2.00000000e-03
2.17200000e+00 8.91784434e-05 2.00000000e-03
2.17400000e+00 9.03646950e-05 2.00000000e-03
2.17600000e+00 9.15490401e-05 2.00000000e-03
2.17800000e+00 9.27312740e-05 2.00000000e-03
2.18000000e+00 9.39111927e-05 2.00000000e-03
2.18200000e+00 9.50885926e-05 2.00000000e-03
2.18400000e+00 9.62632705e-05 2.00000000e-03
2.18600000e+00 9.74350240e-05 2.00000000e-03
2.18800000e+00 9.86036511e-05 2.00000000e-03
2.19000000e+00 9.97689507e-05 2.00000000e-03
2.19200000e+00 1.00930722e-04 2.00000000e-03
2.19400000e+00 1.02088766e-04 2.00000000e-03
2.19600000e+00 1.03242883e-04 2.00000000e-03
2.19800000e+00 1.04392875e-04 2.00000000e-03
2.20000000e+00 1.05538544e-04 2.00000000e-03
2.20200000e+00 1.06679695e-04 2.00000000e-03
2.20400000e+00 1.07816132e-04 2.00000000e-03
2.20600000e+00 1.08947661e-04 2.00000000e-03
2.20800000e+00 1.10074088e-04 2.00000000e-03
2.21000000e+00 1.11195221e-04 2.00000000e-03
2.21200000e+00 1.12310868e-04 2.00000000e-03
2.21400000e+00 1.13420840e-04 2.00000000e-03
2.21600000e+00 1.14524948e-04 2.00000000e-03
2.21800000e+00 1.15623004e-04 2.00000000e-03
2.22000000e+00 1.16714823e-04 2.00000000e-03
2.22200000e+00 1.17800217e-04 2.00000000e-03
2.22400000e+00 1.18879006e-04 2.00000000e-03
2.22600000e+00 1.19951005e-04 2.00000000e-03
2.22800000e+00 1.21016034e-04 2.00000000e-03
2.23000000e+00 1.22073913e-04 2.00000000e-03
2.23200000e+00 1.23124465e-04 2.00000000e-03
2.23400000e+00 1.24167514e-04 2.00000000e-03
2.23600000e+00 1.25202883e-04 2.00000000e-03
2.23800000e+00 1.26230401e-04 2.00000000e-03
2.24000000e+00 1.27249894e-04 2.00000000e-03
2.24200000e+00 1.28261195e-04 2.00000000e-03
2.24400000e+00 1.29264133e-04 2.00000000e-03
2.24600000e+00 1.30258542e-04 2.00000000e-03
2.24800000e+00 1.31244258e-04 2.00000000e-03
2.25000000e+00 1.32221118e-04 2.00000000e-03
2.25200000e+00 1.33188960e-04 2.00000000e-03
2.25400000e+00 1.34147624e-04 2.00000000e-03
2.25600000e+00 1.35096954e-04 2.00000000e-03
2.25800000e+00 1.36036793e-04 2.00000000e-03
2.26000000e+00 1.36966988e-04 2.00000000e-03
2.26200000e+00 1.37887387e-04 2.00000000e-03
2.26400000e+00 1.38797841e-04 2.00000000e-03
2.26600000e+00 1.39698201e-04 2.00000000e-03
2.26800000e+00 1.40588321e-04 2.00000000e-03
2.27000000e+00 1.41468059e-04 2.00000000e-03
2.27200000e+00 1.42337272e-04 2.00000000e-03
2.27400000e+00 1.43195821e-04 2.00000000e-03
2.27600000e+00 1.44043568e-04 2.00000000e-03
2.27800000e+00 1.44880378e-04 2.00000000e-03
2.28000000e+00 1.45706119e-04 2.00000000e-03
2.28200000e+00 1.46520658e-04 2.00000000e-03
2.28400000e+00 1.47323868e-04 2.00000000e-03
2.28600000e+00 1.48115622e-04 2.00000000e-03
2.28800000e+00 1.48895796e-04 2.00000000e-03
2.29000000e+00 1.49664267e-04 2.00000000e-03
2.29200000e+00 1.50420916e-04 2.00000000e-03
2.29400000e+00 1.51165627e-04 2.00000000e-03
2.29600000e+00 1.51898282e-04 2.00000000e-03
2.29800000e+00 1.52618771e-04 2.00000000e-03
2.30000000e+00 1.53326983e-04 2.00000000e-03
2.30200000e+00 1.54022808e-04 2.00000000e-03
2.30400000e+00 1.54706143e-04 2.00000000e-03
2.30600000e+00 1.55376883e-04 2.00000000e-03
2.30800000e+00 1.56034928e-04 2.00000000e-03
2.31000000e+00 1.56680179e-04 2.00000000e-03
2.31200000e+00 1.57312541e-04 2.00000000e-03
2.31400000e+00 1.57931919e-04 2.00000000e-03
2.31600000e+00 1.58538223e-04 2.00000000e-03
2.31800000e+00 1.59131363e-04 2.00000000e-03
2.32000000e+00 1.59711254e-04 2.00000000e-03
2.32200000e+00 1.60277812e-04 2.00000000e-03
2.32400000e+00 1.60830956e-04 2.00000000e-03
2.32600000e+00 1.61370606e-04 2.00000000e-03
2.32800000e+00 1.61896687e-04 2.00000000e-03
2.33000000e+00 1.62409124e-04 2.00000000e-03
2.33200000e+00 1.62907846e-04 2.00000000e-03
2.33400000e+00 1.63392785e-04 2.00000000e-03
2.33600000e+00 1.63863874e-04 2.00000000e-03
2.33800000e+00 1.64321050e-04 2.00000000e-03
2.34000000e+00 1.64764250e-04 2.00000000e-03
2.34200000e+00 1.65193417e-04 2.00000000e-03
2.34400000e+00 1.65608494e-04 2.00000000e-03
2.34600000e+00 1.66009427e-04 2.00000000e-03
2.34800000e+00 1.66396165e-04 2.00000000e-03
2.35000000e+00 1.66768660e-04 2.00000000e-03
2.35200000e+00 1.67126865e-04 2.00000000e-03
2.35400000e+00 1.67470736e-04 2.00000000e-03
2.35600000e+00 1.67800233e-04 2.00000000e-03
2.35800000e+00 1.68115316e-04 2.00000000e-03
2.36000000e+00 1.68415951e-04 2.00000000e-03
2.36200000e+00 1.68702102e-04 2.00000000e-03
2.36400000e+00 1.68973739e-04 2.00000000e-03
2.36600000e+00 1.69230833e-04 2.00000000e-03
2.36800000e+00 1.69473359e-04 2.00000000e-03
2.37000000e+00 1.69701292e-04 2.00000000e-03
2.37200000e+00 1.69914611e-04 2.00000000e-03
2.37400000e+00 1.70113298e-04 2.00000000e-03
2.37600000e+00 1.70297336e-04 2.00000000e-03
2.37800000e+00 1.70466711e-04 2.00000000e-03
2.38000000e+00 1.70621413e-04 2.00000000e-03
2.38200000e+00 1.70761432e-04 2.00000000e-03
2.38400000e+00 1.70886762e-04 2.00000000e-03
2.38600000e+00 1.70997399e-04 2.00000000e-03
2.38800000e+00 1.71093340e-04 2.00000000e-03
2.39000000e+00 1.71174588e-04 2.00000000e-03
2.39200000e+00 1.71241145e-04 2.00000000e-03
2.39400000e+00 1.71293017e-04 2.00000000e-03
2.39600000e+00 1.71330211e-04 2.00000000e-03
2.39800000e+00 1.71352738e-04 2.00000000e-03
2.40000000e+00 1.71360611e-04 2.00000000e-03
2.40200000e+00 1.71353844e-04 2.00000000e-03
2.40400000e+00 1.71332455e-04 2.00000000e-03
2.40600000e+00 1.71296463e-04 2.00000000e-03
2.40800000e+00 1.71245891e-04 2.00000000e-03
2.41000000e+00 1.71180762e-04 2.00000000e-03
2.41200000e+00 1.71101103e-04 2.00000000e-03
2.41400000e+00 1.71006942e-04 2.00000000e-03
2.41600000e+00 1.70898311e-04 2.00000000e-03
2.41800000e+00 1.70775243e-04 2.00000000e-03
2.42000000e+00 1.70637773e-04 2.00000000e-03
2.42200000e+00 1.70485938e-04 2.00000000e-03
2.42400000e+00 1.70319779e-04 2.00000000e-03
2.42600000e+00 1.70139337e-04 2.00000000e-03
2.42800000e+00 1.69944656e-04 2.00000000e-03
2.43000000e+00 1.69735783e-04 2.00000000e-03
2.43200000e+00 1.69512766e-04 2.00000000e-03
2.43400000e+00 1.69275655e-04 2.00000000e-03
2.43600000e+00 1.69024502e-04 2.00000000e-03
2.43800000e+00 1.68759363e-04 2.00000000e-03
2.44000000e+00 1.68480293e-04 2.00000000e-03
2.44200000e+00 1.68187352e-04 2.00000000e-03
2.44400000e+00 1.67880599e-04 2.00000000e-03
2.44600000e+00 1.67560098e-04 2.00000000e-03
2.44800000e+00 1.67225913e-04 2.00000000e-03
2.45000000e+00 1.66878111e-04 2.00000000e-03
2.45200000e+00 1.66516760e-04 2.00000000e-03
2.45400000e+00 1.66141930e-04 2.00000000e-03
2.45600000e+00 1.65753694e-04 2.00000000e-03
2.45800000e+00 1.65352125e-04 2.00000000e-03
2.46000000e+00 1.64937300e-04 2.00000000e-03
2.46200000e+00 1.64509297e-04 2.00000000e-03
2.46400000e+00 1.64068195e-04 2.00000000e-03
2.46600000e+00 1.63614076e-04 2.00000000e-03
2.46800000e+00 1.63147023e-04 2.00000000e-03
2.47000000e+00 1.62667120e-04 2.00000000e-03
2.47200000e+00 1.62174456e-04 2.00000000e-03
2.47400000e+00 1.61669117e-04 2.00000000e-03
2.47600000e+00 1.61151194e-04 2.00000000e-03
2.47800000e+00 1.60620780e-04 2.00000000e-03
2.48000000e+00 1.60077967e-04 2.00000000e-03
2.48200000e+00 1.59522851e-04 2.00000000e-03
2.48400000e+00 1.58955528e-04 2.00000000e-03
2.48600000e+00 1.58376097e-04 2.00000000e-03
2.48800000e+00 1.57784658e-04 2.00000000e-03
2.49000000e+00 1.57181311e-04 2.00000000e-03
2.49200000e+00 1.56566162e-04 2.00000000e-03
2.49400000e+00 1.55939312e-04 2.00000000e-03
2.49600000e+00 1.55300870e-04 2.00000000e-03
2.49800000e+00 1.54650942e-04 2.00000000e-03
2.50000000e+00 1.53989637e-04 2.00000000e-03
2.50200000e+00 1.53317067e-04 2.00000000e-03
2.50400000e+00 1.52633341e-04 2.00000000e-03
2.50600000e+00 1.51938575e-04 2.00000000e-03
2.50800000e+00 1.51232882e-04 2.00000000e-03
2.51000000e+00 1.50516378e-04 2.00000000e-03
2.51200000e+00 1.49789181e-04 2.00000000e-03
2.51400000e+00 1.49051409e-04 2.00000000e-03
2.51600000e+00 1.48303183e-04 2.00000000e-03
2.51800000e+00 1.47544623e-04 2.00000000e-03
2.52000000e+00 1.46775852e-04 2.00000000e-03
2.52200000e+00 1.45996993e-04 2.00000000e-03
2.52400000e+00 1.45208172e-04 2.00000000e-03
2.52600000e+00 1.44409514e-04 2.00000000e-03
2.52800000e+00 1.43601147e-04 2.00000000e-03
2.53000000e+00 1.42783199e-04 2.00000000e-03
2.53200000e+00 1.41955800e-04 2.00000000e-03
2.53400000e+00 1.41119080e-04 2.00000000e-03
2.53600000e+00 1.40273171e-04 2.00000000e-03
2.53800000e+00 1.39418207e-04 2.00000000e-03
2.54000000e+00 1.38554320e-04 2.00000000e-03
2.54200000e+00 1.37681645e-04 2.00000000e-03
2.54400000e+00 1.36800320e-04 2.00000000e-03
2.54600000e+00 1.35910480e-04 2.00000000e-03
2.54800000e+00 1.35012263e-04 2.00000000e-03
2.55000000e+00 1.34105809e-04 2.00000000e-03
2.55200000e+00 1.33191257e-04 2.00000000e-03
2.55400000e+00 1.32268748e-04 2.00000000e-03
2.55600000e+00 1.31338423e-04 2.00000000e-03
2.55800000e+00 1.30400425e-04 2.00000000e-03
2.56000000e+00 1.29454898e-04 2.00000000e-03
2.56200000e+00 1.28501985e-04 2.00000000e-03
2.56400000e+00 1.27541831e-04 2.00000000e-03
2.56600000e+00 1.26574583e-04 2.00000000e-03
2.56800000e+00 1.25600387e-04 2.00000000e-03
2.57000000e+00 1.24619390e-04 2.00000000e-03
2.57200000e+00 1.23631740e-04 2.00000000e-03
2.57400000e+00 1.22637586e-04 2.00000000e-03
2.57600000e+00 1.21637079e-04 2.00000000e-03
2.57800000e+00 1.20630367e-04 2.00000000e-03
2.58000000e+00 1.19617602e-04 2.00000000e-03
2.58200000e+00 1.18598936e-04 2.00000000e-03
2.58400000e+00 1.17574520e-04 2.00000000e-03
2.58600000e+00 1.16544508e-04 2.00000000e-03
2.58800000e+00 1.15509053e-04 2.00000000e-03
2.59000000e+00 1.14468309e-04 2.00000000e-03
2.59200000e+00 1.13422430e-04 2.00000000e-03
2.59400000e+00 1.12371572e-04 2.00000000e-03
2.59600000e+00 1.11315890e-04 2.00000000e-03
2.59800000e+00 1.10255540e-04 2.00000000e-03
2.60000000e+00 1.09190680e-04 2.00000000e-03
2.60200000e+00 1.08121465e-04 2.00000000e-03
2.60400000e+00 1.07048054e-04 2.00000000e-03
2.60600000e+00 1.05970605e-04 2.00000000e-03
2.60800000e+00 1.04889276e-04 2.00000000e-03
2.61000000e+00 1.03804226e-04 2.00000000e-03
2.61200000e+00 1.02715614e-04 2.00000000e-03
2.61400000e+00 1.01623600e-04 2.00000000e-03
2.61600000e+00 1.00528343e-04 2.00000000e-03
2.61800000e+00 9.94300049e-05 2.00000000e-03
2.62000000e+00 9.83287449e-05 2.00000000e-03
2.62200000e+00 9.72247243e-05 2.00000000e-03
2.62400000e+00 9.61181043e-05 2.00000000e-03
2.62600000e+00 9.50090464e-05 2.00000000e-03
2.62800000e+00 9.38977122e-05 2.00000000e-03
2.63000000e+00 9.27842636e-05 2.00000000e-03
2.63200000e+00 9.16688628e-05 2.00000000e-03
2.63400000e+00 9.05516721e-05 2.00000000e-03
2.63600000e+00 8.94328541e-05 2.00000000e-03
2.63800000e+00 8.83125713e-05 2.00000000e-03
2.64000000e+00 8.71909867e-05 2.00000000e-03
2.64200000e+00 8.60682631e-05 2.00000000e-03
2.64400000e+00 8.49445637e-05 2.00000000e-03
2.64600000e+00 8.38200516e-05 2.00000000e-03
2.64800000e+00 8.26948900e-05 2.00000000e-03
2.65000000e+00 8.15692423e-05 2.00000000e-03
2.65200000e+00 8.04432717e-05 2.00000000e-03
2.65400000e+00 7.93171417e-05 2.00000000e-03
2.65600000e+00 7.81910157e-05 2.00000000e-03
2.65800000e+00 7.70650570e-05 2.00000000e-03
2.66000000e+00 7.59394291e-05 2.00000000e-03
2.66200000e+00 7.48142952e-05 2.00000000e-03
2.66400000e+00 7.36898187e-05 2.00000000e-03
2.66600000e+00 7.25661626e-05 2.00000000e-03
2.66800000e+00 7.14434903e-05 2.00000000e-03
2.67000000e+00 7.03219646e-05 2.00000000e-03
2.67200000e+00 6.92017484e-05 2.00000000e-03
2.67400000e+00 6.80830045e-05 2.00000000e-03
2.67600000e+00 6.69658956e-05 2.00000000e-03
2.67800000e+00 6.58505839e-05 2.00000000e-03
2.68000000e+00 6.47372319e-05 2.00000000e-03
2.68200000e+00 6.36260014e-05 2.00000000e-03
2.68400000e+00 6.25170543e-05 2.00000000e-03
2.68600000e+00 6.14105522e-05 2.00000000e-03
2.68800000e+00 6.03066564e-05 2.00000000e-03
2.69000000e+00 5.92055279e-05 2.00000000e-03
2.69200000e+00 5.81073274e-05 2.00000000e-03
2.69400000e+00 5.70122155e-05 2.00000000e-03
2.69600000e+00 5.59203522e-05 2.00000000e-03
2.69800000e+00 5.48318973e-05 2.00000000e-03
2.70000000e+00 5.37470102e-05 2.00000000e-03
2.70200000e+00 5.26658500e-05 2.00000000e-03
2.70400000e+00 5.15885753e-05 2.00000000e-03
2.70600000e+00 5.05153443e-05 2.00000000e-03
2.70800000e+00 4.94463149e-05 2.00000000e-03
2.71000000e+00 4.83816444e-05 2.00000000e-03
2.71200000e+00 4.73214897e-05 2.00000000e-03
2.71400000e+00 4.62660072e-05 2.00000000e-03
2.71600000e+00 4.52153529e-05 2.00000000e-03
2.71800000e+00 4.41696822e-05 2.00000000e-03
2.72000000e+00 4.31291498e-05 2.00000000e-03
2.72200000e+00 4.20939102e-05 2.00000000e-03
2.72400000e+00 4.10641172e-05 2.00000000e-03
2.72600000e+00 4.00399238e-05 2.00000000e-03
2.72800000e+00 3.90214826e-05 2.00000000e-03
2.73000000e+00 3.80089455e-05 2.00000000e-03
2.73200000e+00 3.70024640e-05 2.00000000e-03
2.73400000e+00 3.60021885e-05 2.00000000e-03
2.73600000e+00 3.50082691e-05 2.00000000e-03
2.73800000e+00 3.40208551e-05 2.00000000e-03
2.74000000e+00 3.30400949e-05 2.00000000e-03
2.74200000e+00 3.20661364e-05 2.00000000e-03
2.74400000e+00 3.10991266e-05 2.00000000e-03
2.74600000e+00 3.01392120e-05 2.00000000e-03
2.74800000e+00 2.91865379e-05 2.00000000e-03
2.75000000e+00 2.82412491e-05 2.00000000e-03
2.75200000e+00 2.73034895e-05 2.00000000e-03
2.75400000e+00 2.63734020e-05 2.00000000e-03
2.75600000e+00 2.54511290e-05 2.00000000e-03
2.75800000e+00 2.45368116e-05 2.00000000e-03
2.76000000e+00 2.36305903e-05 2.00000000e-03
2.76200000e+00 2.27326045e-05 2.00000000e-03
2.76400000e+00 2.18429928e-05 2.00000000e-03
2.76600000e+00 2.09618927e-05 2.00000000e-03
2.76800000e+00 2.00894409e-05 2.00000000e-03
2.77000000e+00 1.92257729e-05 2.00000000e-03
2.77200000e+00 1.83710233e-05 2.00000000e-03
2.77400000e+00 1.75253258e-05 2.00000000e-03
2.77600000e+00 1.66888127e-05 2.00000000e-03
2.77800000e+00 1.58616154e-05 2.00000000e-03
2.78000000e+00 1.50438644e-05 2.00000000e-03
2.78200000e+00 1.42356889e-05 2.00000000e-03
2.78400000e+00 1.34372168e-05 2.00000000e-03
2.78600000e+00 1.26485752e-05 2.00000000e-03
2.78800000e+00 1.18698898e-05 2.00000000e-03
2.79000000e+00 1.11012851e-05 2.00000000e-03
2.79200000e+00 1.03428845e-05 2.00000000e-03
2.79400000e+00 9.59481007e-06 2.00000000e-03
2.79600000e+00 8.85718274e-06 2.00000000e-03
2.79800000e+00 8.13012206e-06 2.00000000e-03
2.80000000e+00 7.41374634e-06 2.00000000e-03
2.80200000e+00 6.70817254e-06 2.00000000e-03
2.80400000e+00 6.01351632e-06 2.00000000e-03
2.80600000e+00 5.32989198e-06 2.00000000e-03
2.80800000e+00 4.65741244e-06 2.00000000e-03
2.81000000e+00 3.99618923e-06 2.00000000e-03
2.81200000e+00 3.34633246e-06 2.00000000e-03
2.81400000e+00 2.70795081e-06 2.00000000e-03
2.81600000e+00 2.08115153e-06 2.00000000e-03
2.81800000e+00 1.46604035e-06 2.00000000e-03
2.82000000e+00 8.62721541e-07 2.00000000e-03
2.82200000e+00 2.71297850e-07 2.00000000e-03
2.82400000e+00 3.08129514e-07 2.00000000e-03
2.82600000e+00 8.75460892e-07 2.00000000e-03
2.82800000e+00 1.43059820e-06 2.00000000e-03
2.83000000e+00 1.97344496e-06 2.00000000e-03
2.83200000e+00 2.50390628e-06 2.00000000e-03
2.83400000e+00 3.02188894e-06 2.00000000e-03
2.83600000e+00 3.52730134e-06 2.00000000e-03
2.83800000e+00 4.02005358e-06 2.00000000e-03
2.84000000e+00 4.50005744e-06 2.00000000e-03
2.84200000e+00 4.96722641e-06 2.00000000e-03
2.84400000e+00 5.42147574e-06 2.00000000e-03
2.84600000e+00 5.86272240e-06 2.00000000e-03
2.84800000e+00 6.29088516e-06 2.00000000e-03
2.85000000e+00 6.70588455e-06 2.00000000e-03
2.85200000e+00 7.10764294e-06 2.00000000e-03
2.85400000e+00 7.49608453e-06 2.00000000e-03
2.85600000e+00 7.87113535e-06 2.00000000e-03
2.85800000e+00 8.23272332e-06 2.00000000e-03
2.86000000e+00 8.58077822e-06 2.00000000e-03
2.86200000e+00 8.91523178e-06 2.00000000e-03
2.86400000e+00 9.23601761e-06 2.00000000e-03
2.86600000e+00 9.54307128e-06 2.00000000e-03
2.86800000e+00 9.83633034e-06 2.00000000e-03
2.87000000e+00 1.01157343e-05 2.00000000e-03
2.87200000e+00 1.03812247e-05 2.00000000e-03
2.87400000e+00 1.06327450e-05 2.00000000e-03
2.87600000e+00 1.08702408e-05 2.00000000e-03
2.87800000e+00 1.10936597e-05 2.00000000e-03
2.88000000e+00 1.13029514e-05 2.00000000e-03
2.88200000e+00 1.14980677e-05 2.00000000e-03
2.88400000e+00 1.16789624e-05 2.00000000e-03
2.88600000e+00 1.18455915e-05 2.00000000e-03
2.88800000e+00 1.19979131e-05 2.00000000e-03
2.89000000e+00 1.21358876e-05 2.00000000e-03
2.89200000e+00 1.22594774e-05 2.00000000e-03
2.89400000e+00 1.23686470e-05 2.00000000e-03
2.89600000e+00 1.24633633e-05 2.00000000e-03
2.89800000e+00 1.25435954e-05 2.00000000e-03
2.90000000e+00 1.26093145e-05 2.00000000e-03
2.90200000e+00 1.26604941e-05 2.00000000e-03
2.90400000e+00 1.26971100e-05 2.00000000e-03
2.90600000e+00 1.27191402e-05 2.00000000e-03
2.90800000e+00 1.27265651e-05 2.00000000e-03
2.91000000e+00 1.27193672e-05 2.00000000e-03
2.91200000e+00 1.26975315e-05 2.00000000e-03
2.91400000e+00 1.26610453e-05 2.00000000e-03
2.91600000e+00 1.26098981e-05 2.00000000e-03
2.91800000e+00 1.25440820e-05 2.00000000e-03
2.92000000e+00 1.24635911e-05 2.00000000e-03
2.92200000e+00 1.23684222e-05 2.00000000e-03
2.92400000e+00 1.22585743e-05 2.00000000e-03
2.92600000e+00 1.21340489e-05 2.00000000e-03
2.92800000e+00 1.19948498e-05 2.00000000e-03
2.93000000e+00 1.18409833e-05 2.00000000e-03
2.93200000e+00 1.16724581e-05 2.00000000e-03
2.93400000e+00 1.14892852e-05 2.00000000e-03
2.93600000e+00 1.12914783e-05 2.00000000e-03
2.93800000e+00 1.10790534e-05 2.00000000e-03
2.94000000e+00 1.08520289e-05 2.00000000e-03
2.94200000e+00 1.06104257e-05 2.00000000e-03
2.94400000e+00 1.03542672e-05 2.00000000e-03
2.94600000e+00 1.00835793e-05 2.00000000e-03
2.94800000e+00 9.79839038e-06 2.00000000e-03
2.95000000e+00 9.49873117e-06 2.00000000e-03
2.95200000e+00 9.18463504e-06 2.00000000e-03
2.95400000e+00 8.85613780e-06 2.00000000e-03
2.95600000e+00 8.51327776e-06 2.00000000e-03
2.95800000e+00 8.15609574e-06 2.00000000e-03
2.96000000e+00 7.78463506e-06 2.00000000e-03
2.96200000e+00 7.39894154e-06 2.00000000e-03
2.96400000e+00 6.99906351e-06 2.00000000e-03
2.96600000e+00 6.58505182e-06 2.00000000e-03
2.96800000e+00 6.15695981e-06 2.00000000e-03
2.97000000e+00 5.71484335e-06 2.00000000e-03
2.97200000e+00 5.25876080e-06 2.00000000e-03
2.97400000e+00 4.78877305e-06 2.00000000e-03
2.97600000e+00 4.30494348e-06 2.00000000e-03
2.97800000e+00 3.80733797e-06 2.00000000e-03
2.98000000e+00 3.29602491e-06 2.00000000e-03
2.98200000e+00 2.77107519e-06 2.00000000e-03
2.98400000e+00 2.23256218e-06 2.00000000e-03
2.98600000e+00 1.68056176e-06 2.00000000e-03
2.98800000e+00 1.11515227e-06 2.00000000e-03
2.99000000e+00 5.36414540e-07 2.00000000e-03
2.99200000e+00 5.55681312e-08 2.00000000e-03
2.99400000e+00 6.60709980e-07 2.00000000e-03
2.99600000e+00 1.27892279e-06 2.00000000e-03
2.99800000e+00 1.91011589e-06 2.00000000e-03
3.00000000e+00 2.55419618e-06 2.00000000e-03
3.00200000e+00 3.21106813e-06 2.00000000e-03
3.00400000e+00 3.88063378e-06 2.00000000e-03
3.00600000e+00 4.56279276e-06 2.00000000e-03
3.00800000e+00 5.25744233e-06 2.00000000e-03
3.01000000e+00 5.96447734e-06 2.00000000e-03
3.01200000e+00 6.68379027e-06 2.00000000e-03
3.01400000e+00 7.41527126e-06 2.00000000e-03
3.01600000e+00 8.15880808e-06 2.00000000e-03
3.01800000e+00 8.91428620e-06 2.00000000e-03
3.02000000e+00 9.68158876e-06 2.00000000e-03
3.02200000e+00 1.04605966e-05 2.00000000e-03
3.02400000e+00 1.12511883e-05 2.00000000e-03
3.02600000e+00 1.20532401e-05 2.00000000e-03
3.02800000e+00 1.28666261e-05 2.00000000e-03
3.03000000e+00 1.36912181e-05 2.00000000e-03
3.03200000e+00 1.45268857e-05 2.00000000e-03
3.03400000e+00 1.53734964e-05 2.00000000e-03
3.03600000e+00 1.62309154e-05 2.00000000e-03
3.03800000e+00 1.70990058e-05 2.00000000e-03
3.04000000e+00 1.79776286e-05 2.00000000e-03
3.04200000e+00 1.88666427e-05 2.00000000e-03
3.04400000e+00 1.97659050e-05 2.00000000e-03
3.04600000e+00 2.06752701e-05 2.00000000e-03
3.04800000e+00 2.15945907e-05 2.00000000e-03
3.05000000e+00 2.25237176e-05 2.00000000e-03
3.05200000e+00 2.34624996e-05 2.00000000e-03
3.05400000e+00 2.44107833e-05 2.00000000e-03
3.05600000e+00 2.53684137e-05 2.00000000e-03
3.05800000e+00 2.63352336e-05 2.00000000e-03
3.06000000e+00 2.73110842e-05 2.00000000e-03
3.06200000e+00 2.82958046e-05 2.00000000e-03
3.06400000e+00 2.92892324e-05 2.00000000e-03
3.06600000e+00 3.02912030e-05 2.00000000e-03
3.06800000e+00 3.13015504e-05 2.00000000e-03
3.07000000e+00 3.23201068e-05 2.00000000e-03
3.07200000e+00 3.33467025e-05 2.00000000e-03
3.07400000e+00 3.43811664e-05 2.00000000e-03
3.07600000e+00 3.54233256e-05 2.00000000e-03
3.07800000e+00 3.64730057e-05 2.00000000e-03
3.08000000e+00 3.75300306e-05 2.00000000e-03
3.08200000e+00 3.85942229e-05 2.00000000e-03
3.08400000e+00 3.96654035e-05 2.00000000e-03
3.08600000e+00 4.07433920e-05 2.00000000e-03
3.08800000e+00 4.18280064e-05 2.00000000e-03
3.09000000e+00 4.29190634e-05 2.00000000e-03
3.09200000e+00 4.40163783e-05 2.00000000e-03
3.09400000e+00 4.51197653e-05 2.00000000e-03
3.09600000e+00 4.62290371e-05 2.00000000e-03
3.09800000e+00 4.73440051e-05 2.00000000e-03
3.10000000e+00 4.84644797e-05 2.00000000e-03
3.10200000e+00 4.95902701e-05 2.00000000e-03
3.10400000e+00 5.07211842e-05 2.00000000e-03
3.10600000e+00 5.18570289e-05 2.00000000e-03
3.10800000e+00 5.29976103e-05 2.00000000e-03
3.11000000e+00 5.41427332e-05 2.00000000e-03
3.11200000e+00 5.52922014e-05 2.00000000e-03
3.11400000e+00 5.64458179e-05 2.00000000e-03
3.11600000e+00 5.76033850e-05 2.00000000e-03
3.11800000e+00 5.87647038e-05 2.00000000e-03
3.12000000e+00 5.99295748e-05 2.00000000e-03
3.12200000e+00 6.10977977e-05 2.00000000e-03
3.12400000e+00 6.22691715e-05 2.00000000e-03
3.12600000e+00 6.34434944e-05 2.00000000e-03
3.12800000e+00 6.46205643e-05 2.00000000e-03
3.13000000e+00 6.58001781e-05 2.00000000e-03
3.13200000e+00 6.69821324e-05 2.00000000e-03
3.13400000e+00 6.81662231e-05 2.00000000e-03
3.13600000e+00 6.93522460e-05 2.00000000e-03
3.13800000e+00 7.05399962e-05 2.00000000e-03
3.14000000e+00 7.17292683e-05 2.00000000e-03
3.14200000e+00 7.29198570e-05 2.00000000e-03
3.14400000e+00 7.41115563e-05 2.00000000e-03
3.14600000e+00 7.53041601e-05 2.00000000e-03
3.14800000e+00 7.64974623e-05 2.00000000e-03
3.15000000e+00 7.76912563e-05 2.00000000e-03
3.15200000e+00 7.88853357e-05 2.00000000e-03
3.15400000e+00 8.00794937e-05 2.00000000e-03
3.15600000e+00 8.12735239e-05 2.00000000e-03
3.15800000e+00 8.24672196e-05 2.00000000e-03
3.16000000e+00 8.36603743e-05 2.00000000e-03
3.16200000e+00 8.48527815e-05 2.00000000e-03
3.16400000e+00 8.60442351e-05 2.00000000e-03
3.16600000e+00 8.72345288e-05 2.00000000e-03
3.16800000e+00 8.84234570e-05 2.00000000e-03
3.17000000e+00 8.96108141e-05 2.00000000e-03
3.17200000e+00 9.07963948e-05 2.00000000e-03
3.17400000e+00 9.19799944e-05 2.00000000e-03
3.17600000e+00 9.31614085e-05 2.00000000e-03
3.17800000e+00 9.43404331e-05 2.00000000e-03
3.18000000e+00 9.55168648e-05 2.00000000e-03
3.18200000e+00 9.66905008e-05 2.00000000e-03
3.18400000e+00 9.78611387e-05 2.00000000e-03
3.18600000e+00 9.90285768e-05 2.00000000e-03
3.18800000e+00 1.00192614e-04 2.00000000e-03
3.19000000e+00 1.01353051e-04 2.00000000e-03
3.19200000e+00 1.02509687e-04 2.00000000e-03
3.19400000e+00 1.03662324e-04 2.00000000e-03
3.19600000e+00 1.04810764e-04 2.00000000e-03
3.19800000e+00 1.05954810e-04 2.00000000e-03
3.20000000e+00 1.07094266e-04 2.00000000e-03
3.20200000e+00 1.08228938e-04 2.00000000e-03
3.20400000e+00 1.09358630e-04 2.00000000e-03
3.20600000e+00 1.10483150e-04 2.00000000e-03
3.20800000e+00 1.11602307e-04 2.00000000e-03
3.21000000e+00 1.12715909e-04 2.00000000e-03
3.21200000e+00 1.13823766e-04 2.00000000e-03
3.21400000e+00 1.14925691e-04 2.00000000e-03
3.21600000e+00 1.16021496e-04 2.00000000e-03
3.21800000e+00 1.17110996e-04 2.00000000e-03
3.22000000e+00 1.18194005e-04 2.00000000e-03
3.22200000e+00 1.19270341e-04 2.00000000e-03
3.22400000e+00 1.20339821e-04 2.00000000e-03
3.22600000e+00 1.21402267e-04 2.00000000e-03
3.22800000e+00 1.22457497e-04 2.00000000e-03
3.23000000e+00 1.23505336e-04 2.00000000e-03
3.23200000e+00 1.24545607e-04 2.00000000e-03
3.23400000e+00 1.25578136e-04 2.00000000e-03
3.23600000e+00 1.26602750e-04 2.00000000e-03
3.23800000e+00 1.27619278e-04 2.00000000e-03
3.24000000e+00 1.28627552e-04 2.00000000e-03
3.24200000e+00 1.29627402e-04 2.00000000e-03
3.24400000e+00 1.30618663e-04 2.00000000e-03
3.24600000e+00 1.31601172e-04 2.00000000e-03
3.24800000e+00 1.32574764e-04 2.00000000e-03
3.25000000e+00 1.33539281e-04 2.00000000e-03
3.25200000e+00 1.34494563e-04 2.00000000e-03
3.25400000e+00 1.35440453e-04 2.00000000e-03
3.25600000e+00 1.36376797e-04 2.00000000e-03
3.25800000e+00 1.37303441e-04 2.00000000e-03
3.26000000e+00 1.38220234e-04 2.00000000e-03
3.26200000e+00 1.39127027e-04 2.00000000e-03
3.26400000e+00 1.40023673e-04 2.00000000e-03
3.26600000e+00 1.40910028e-04 2.00000000e-03
3.26800000e+00 1.41785948e-04 2.00000000e-03
3.27000000e+00 1.42651292e-04 2.00000000e-03
3.27200000e+00 1.43505921e-04 2.00000000e-03
3.27400000e+00 1.44349699e-04 2.00000000e-03
3.27600000e+00 1.45182492e-04 2.00000000e-03
3.27800000e+00 1.46004167e-04 2.00000000e-03
3.28000000e+00 1.46814594e-04 2.00000000e-03
3.28200000e+00 1.47613645e-04 2.00000000e-03
3.28400000e+00 1.48401194e-04 2.00000000e-03
3.28600000e+00 1.49177118e-04 2.00000000e-03
3.28800000e+00 1.49941297e-04 2.00000000e-03
3.29000000e+00 1.50693610e-04 2.00000000e-03
3.29200000e+00 1.51433942e-04 2.00000000e-03
3.29400000e+00 1.52162178e-04 2.00000000e-03
3.29600000e+00 1.52878207e-04 2.00000000e-03
3.29800000e+00 1.53581918e-04 2.00000000e-03
3.30000000e+00 1.54273206e-04 2.00000000e-03
3.30200000e+00 1.54951964e-04 2.00000000e-03
3.30400000e+00 1.55618091e-04 2.00000000e-03
3.30600000e+00 1.56271486e-04 2.00000000e-03
3.30800000e+00 1.56912052e-04 2.00000000e-03
3.31000000e+00 1.57539695e-04 2.00000000e-03
3.31200000e+00 1.58154320e-04 2.00000000e-03
3.31400000e+00 1.58755838e-04 2.00000000e-03
3.31600000e+00 1.59344162e-04 2.00000000e-03
3.31800000e+00 1.59919205e-04 2.00000000e-03
3.32000000e+00 1.60480885e-04 2.00000000e-03
3.32200000e+00 1.61029122e-04 2.00000000e-03
3.32400000e+00 1.61563837e-04 2.00000000e-03
3.32600000e+00 1.62084956e-04 2.00000000e-03
3.32800000e+00 1.62592405e-04 2.00000000e-03
3.33000000e+00 1.63086114e-04 2.00000000e-03
3.33200000e+00 1.63566015e-04 2.00000000e-03
3.33400000e+00 1.64032042e-04 2.00000000e-03
3.33600000e+00 1.64484133e-04 2.00000000e-03
3.33800000e+00 1.64922228e-04 2.00000000e-03
3.34000000e+00 1.65346268e-04 2.00000000e-03
3.34200000e+00 1.65756198e-04 2.00000000e-03
3.34400000e+00 1.66151966e-04 2.00000000e-03
3.34600000e+00 1.66533520e-04 2.00000000e-03
3.34800000e+00 1.66900814e-04 2.00000000e-03
3.35000000e+00 1.67253802e-04 2.00000000e-03
3.35200000e+00 1.67592441e-04 2.00000000e-03
3.35400000e+00 1.67916692e-04 2.00000000e-03
3.35600000e+00 1.68226515e-04 2.00000000e-03
3.35800000e+00 1.68521877e-04 2.00000000e-03
3.36000000e+00 1.68802744e-04 2.00000000e-03
3.36200000e+00 1.69069086e-04 2.00000000e-03
3.36400000e+00 1.69320876e-04 2.00000000e-03
3.36600000e+00 1.69558088e-04 2.00000000e-03
3.36800000e+00 1.69780699e-04 2.00000000e-03
3.37000000e+00 1.69988690e-04 2.00000000e-03
3.37200000e+00 1.70182041e-04 2.00000000e-03
3.37400000e+00 1.70360739e-04 2.00000000e-03
3.37600000e+00 1.70524770e-04 2.00000000e-03
3.37800000e+00 1.70674124e-04 2.00000000e-03
3.38000000e+00 1.70808792e-04 2.00000000e-03
3.38200000e+00 1.70928769e-04 2.00000000e-03
3.38400000e+00 1.71034053e-04 2.00000000e-03
3.38600000e+00 1.71124641e-04 2.00000000e-03
3.38800000e+00 1.71200536e-04 2.00000000e-03
3.39000000e+00 1.71261743e-04 2.00000000e-03
3.39200000e+00 1.71308266e-04 2.00000000e-03
3.39400000e+00 1.71340116e-04 2.00000000e-03
3.39600000e+00 1.71357302e-04 2.00000000e-03
3.39800000e+00 1.71359840e-04 2.00000000e-03
3.40000000e+00 1.71347744e-04 2.00000000e-03
3.40200000e+00 1.71321032e-04 2.00000000e-03
3.40400000e+00 1.71279726e-04 2.00000000e-03
3.40600000e+00 1.71223848e-04 2.00000000e-03
3.40800000e+00 1.71153422e-04 2.00000000e-03
3.41000000e+00 1.71068477e-04 2.00000000e-03
3.41200000e+00 1.70969041e-04 2.00000000e-03
3.41400000e+00 1.70855146e-04 2.00000000e-03
3.41600000e+00 1.70726827e-04 2.00000000e-03
3.41800000e+00 1.70584119e-04 2.00000000e-03
3.42000000e+00 1.70427061e-04 2.00000000e-03
3.42200000e+00 1.70255694e-04 2.00000000e-03
3.42400000e+00 1.70070059e-04 2.00000000e-03
3.42600000e+00 1.69870203e-04 2.00000000e-03
3.42800000e+00 1.69656171e-04 2.00000000e-03
3.43000000e+00 1.69428013e-04 2.00000000e-03
3.43200000e+00 1.69185780e-04 2.00000000e-03
3.43400000e+00 1.68929526e-04 2.00000000e-03
3.43600000e+00 1.68659305e-04 2.00000000e-03
3.43800000e+00 1.68375175e-04 2.00000000e-03
3.44000000e+00 1.68077195e-04 2.00000000e-03
3.44200000e+00 1.67765426e-04 2.00000000e-03
3.44400000e+00 1.67439933e-04 2.00000000e-03
3.44600000e+00 1.67100779e-04 2.00000000e-03
3.44800000e+00 1.66748033e-04 2.00000000e-03
3.45000000e+00 1.66381763e-04 2.00000000e-03
3.45200000e+00 1.66002040e-04 2.00000000e-03
3.45400000e+00 1.65608938e-04 2.00000000e-03
3.45600000e+00 1.65202532e-04 2.00000000e-03
3.45800000e+00 1.64782897e-04 2.00000000e-03
3.46000000e+00 1.64350112e-04 2.00000000e-03
3.46200000e+00 1.63904258e-04 2.00000000e-03
3.46400000e+00 1.63445417e-04 2.00000000e-03
3.46600000e+00 1.62973673e-04 2.00000000e-03
3.46800000e+00 1.62489111e-04 2.00000000e-03
3.47000000e+00 1.61991819e-04 2.00000000e-03
3.47200000e+00 1.61481885e-04 2.00000000e-03
3.47400000e+00 1.60959401e-04 2.00000000e-03
3.47600000e+00 1.60424459e-04 2.00000000e-03
3.47800000e+00 1.59877152e-04 2.00000000e-03
3.48000000e+00 1.59317578e-04 2.00000000e-03
3.48200000e+00 1.58745833e-04 2.00000000e-03
3.48400000e+00 1.58162015e-04 2.00000000e-03
3.48600000e+00 1.57566226e-04 2.00000000e-03
3.48800000e+00 1.56958568e-04 2.00000000e-03
3.49000000e+00 1.56339144e-04 2.00000000e-03
3.49200000e+00 1.55708059e-04 2.00000000e-03
3.49400000e+00 1.55065419e-04 2.00000000e-03
3.49600000e+00 1.54411334e-04 2.00000000e-03
3.49800000e+00 1.53745912e-04 2.00000000e-03
3.50000000e+00 1.53069265e-04 2.00000000e-03
3.50200000e+00 1.52381504e-04 2.00000000e-03
3.50400000e+00 1.51682743e-04 2.00000000e-03
3.50600000e+00 1.50973098e-04 2.00000000e-03
3.50800000e+00 1.50252685e-04 2.00000000e-03
3.51000000e+00 1.49521622e-04 2.00000000e-03
3.51200000e+00 1.48780028e-04 2.00000000e-03
3.51400000e+00 1.48028022e-04 2.00000000e-03
3.51600000e+00 1.47265728e-04 2.00000000e-03
3.51800000e+00 1.46493268e-04 2.00000000e-03
3.52000000e+00 1.45710765e-04 2.00000000e-03
3.52200000e+00 1.44918345e-04 2.00000000e-03
3.52400000e+00 1.44116136e-04 2.00000000e-03
3.52600000e+00 1.43304263e-04 2.00000000e-03
3.52800000e+00 1.42482857e-04 2.00000000e-03
3.53000000e+00 1.41652047e-04 2.00000000e-03
3.53200000e+00 1.40811964e-04 2.00000000e-03
3.53400000e+00 1.39962741e-04 2.00000000e-03
3.53600000e+00 1.39104510e-04 2.00000000e-03
3.53800000e+00 1.38237406e-04 2.00000000e-03
3.54000000e+00 1.37361565e-04 2.00000000e-03
3.54200000e+00 1.36477121e-04 2.00000000e-03
3.54400000e+00 1.35584214e-04 2.00000000e-03
3.54600000e+00 1.34682980e-04 2.00000000e-03
3.54800000e+00 1.33773559e-04 2.00000000e-03
3.55000000e+00 1.32856092e-04 2.00000000e-03
3.55200000e+00 1.31930719e-04 2.00000000e-03
3.55400000e+00 1.30997582e-04 2.00000000e-03
3.55600000e+00 1.30056825e-04 2.00000000e-03
3.55800000e+00 1.29108590e-04 2.00000000e-03
3.56000000e+00 1.28153022e-04 2.00000000e-03
3.56200000e+00 1.27190267e-04 2.00000000e-03
3.56400000e+00 1.26220471e-04 2.00000000e-03
3.56600000e+00 1.25243780e-04 2.00000000e-03
3.56800000e+00 1.24260342e-04 2.00000000e-03
3.57000000e+00 1.23270306e-04 2.00000000e-03
3.57200000e+00 1.22273820e-04 2.00000000e-03
3.57400000e+00 1.21271035e-04 2.00000000e-03
3.57600000e+00 1.20262100e-04 2.00000000e-03
3.57800000e+00 1.19247168e-04 2.00000000e-03
3.58000000e+00 1.18226389e-04 2.00000000e-03
3.58200000e+00 1.17199917e-04 2.00000000e-03
3.58400000e+00 1.16167904e-04 2.00000000e-03
3.58600000e+00 1.15130504e-04 2.00000000e-03
3.58800000e+00 1.14087872e-04 2.00000000e-03
3.59000000e+00 1.13040161e-04 2.00000000e-03
3.59200000e+00 1.11987527e-04 2.00000000e-03
3.59400000e+00 1.10930127e-04 2.00000000e-03
3.59600000e+00 1.09868115e-04 2.00000000e-03
3.59800000e+00 1.08801650e-04 2.00000000e-03
3.60000000e+00 1.07730889e-04 2.00000000e-03
3.60200000e+00 1.06655989e-04 2.00000000e-03
3.60400000e+00 1.05577108e-04 2.00000000e-03
3.60600000e+00 1.04494405e-04 2.00000000e-03
3.60800000e+00 1.03408038e-04 2.00000000e-03
3.61000000e+00 1.02318168e-04 2.00000000e-03
3.61200000e+00 1.01224955e-04 2.00000000e-03
3.61400000e+00 1.00128557e-04 2.00000000e-03
3.61600000e+00 9.90291351e-05 2.00000000e-03
3.61800000e+00 9.79268508e-05 2.00000000e-03
3.62000000e+00 9.68218645e-05 2.00000000e-03
3.62200000e+00 9.57143377e-05 2.00000000e-03
3.62400000e+00 9.46044317e-05 2.00000000e-03
3.62600000e+00 9.34923085e-05 2.00000000e-03
3.62800000e+00 9.23781299e-05 2.00000000e-03
3.63000000e+00 9.12620583e-05 2.00000000e-03
3.63200000e+00 9.01442559e-05 2.00000000e-03
3.63400000e+00 8.90248854e-05 2.00000000e-03
3.63600000e+00 8.79041095e-05 2.00000000e-03
3.63800000e+00 8.67820911e-05 2.00000000e-03
3.64000000e+00 8.56589931e-05 2.00000000e-03
3.64200000e+00 8.45349787e-05 2.00000000e-03
3.64400000e+00 8.34102111e-05 2.00000000e-03
3.64600000e+00 8.22848534e-05 2.00000000e-03
3.64800000e+00 8.11590692e-05 2.00000000e-03
3.65000000e+00 8.00330216e-05 2.00000000e-03
3.65200000e+00 7.89068742e-05 2.00000000e-03
3.65400000e+00 7.77807902e-05 2.00000000e-03
3.65600000e+00 7.66549331e-05 2.00000000e-03
3.65800000e+00 7.55294663e-05 2.00000000e-03
3.66000000e+00 7.44045529e-05 2.00000000e-03
3.66200000e+00 7.32803564e-05 2.00000000e-03
3.66400000e+00 7.21570399e-05 2.00000000e-03
3.66600000e+00 7.10347664e-05 2.00000000e-03
3.66800000e+00 6.99136989e-05 2.00000000e-03
3.67000000e+00 6.87940003e-05 2.00000000e-03
3.67200000e+00 6.76758332e-05 2.00000000e-03
3.67400000e+00 6.65593602e-05 2.00000000e-03
3.67600000e+00 6.54447437e-05 2.00000000e-03
3.67800000e+00 6.43321458e-05 2.00000000e-03
3.68000000e+00 6.32217284e-05 2.00000000e-03
3.68200000e+00 6.21136534e-05 2.00000000e-03
3.68400000e+00 6.10080821e-05 2.00000000e-03
3.68600000e+00 5.99051758e-05 2.00000000e-03
3.68800000e+00 5.88050954e-05 2.00000000e-03
3.69000000e+00 5.77080016e-05 2.00000000e-03
3.69200000e+00 5.66140547e-05 2.00000000e-03
3.69400000e+00 5.55234146e-05 2.00000000e-03
3.69600000e+00 5.44362411e-05 2.00000000e-03
3.69800000e+00 5.33526933e-05 2.00000000e-03
3.70000000e+00 5.22729303e-05 2.00000000e-03
3.70200000e+00 5.11971104e-05 2.00000000e-03
3.70400000e+00 5.01253919e-05 2.00000000e-03
3.70600000e+00 4.90579323e-05 2.00000000e-03
3.70800000e+00 4.79948888e-05 2.00000000e-03
3.71000000e+00 4.69364181e-05 2.00000000e-03
3.71200000e+00 4.58826766e-05 2.00000000e-03
3.71400000e+00 4.48338198e-05 2.00000000e-03
3.71600000e+00 4.37900031e-05 2.00000000e-03
3.71800000e+00 4.27513812e-05 2.00000000e-03
3.72000000e+00 4.17181080e-05 2.00000000e-03
3.72200000e+00 4.06903373e-05 2.00000000e-03
3.72400000e+00 3.96682218e-05 2.00000000e-03
3.72600000e+00 3.86519140e-05 2.00000000e-03
3.72800000e+00 3.76415656e-05 2.00000000e-03
3.73000000e+00 3.66373275e-05 2.00000000e-03
3.73200000e+00 3.56393503e-05 2.00000000e-03
3.73400000e+00 3.46477836e-05 2.00000000e-03
3.73600000e+00 3.36627765e-05 2.00000000e-03
3.73800000e+00 3.26844771e-05 2.00000000e-03
3.74000000e+00 3.17130331e-05 2.00000000e-03
3.74200000e+00 3.07485913e-05 2.00000000e-03
3.74400000e+00 2.97912976e-05 2.00000000e-03
3.74600000e+00 2.88412974e-05 2.00000000e-03
3.74800000e+00 2.78987349e-05 2.00000000e-03
3.75000000e+00 2.69637538e-05 2.00000000e-03
3.75200000e+00 2.60364968e-05 2.00000000e-03
3.75400000e+00 2.51171058e-05 2.00000000e-03
3.75600000e+00 2.42057217e-05 2.00000000e-03
3.75800000e+00 2.33024845e-05 2.00000000e-03
3.76000000e+00 2.24075335e-05 2.00000000e-03
3.76200000e+00 2.15210068e-05 2.00000000e-03
3.76400000e+00 2.06430416e-05 2.00000000e-03
3.76600000e+00 1.97737742e-05 2.00000000e-03
3.76800000e+00 1.89133397e-05 2.00000000e-03
3.77000000e+00 1.80618725e-05 2.00000000e-03
3.77200000e+00 1.72195056e-05 2.00000000e-03
3.77400000e+00 1.63863712e-05 2.00000000e-03
3.77600000e+00 1.55626003e-05 2.00000000e-03
3.77800000e+00 1.47483228e-05 2.00000000e-03
3.78000000e+00 1.39436675e-05 2.00000000e-03
3.78200000e+00 1.31487622e-05 2.00000000e-03
3.78400000e+00 1.23637332e-05 2.00000000e-03
3.78600000e+00 1.15887059e-05 2.00000000e-03
3.78800000e+00 1.08238044e-05 2.00000000e-03
3.79000000e+00 1.00691517e-05 2.00000000e-03
3.79200000e+00 9.32486934e-06 2.00000000e-03
3.79400000e+00 8.59107777e-06 2.00000000e-03
3.79600000e+00 7.86789609e-06 2.00000000e-03
3.79800000e+00 7.15544213e-06 2.00000000e-03
3.80000000e+00 6.45383239e-06 2.00000000e-03
3.80200000e+00 5.76318203e-06 2.00000000e-03
3.80400000e+00 5.08360485e-06 2.00000000e-03
3.80600000e+00 4.41521325e-06 2.00000000e-03
3.80800000e+00 3.75811827e-06 2.00000000e-03
3.81000000e+00 3.11242949e-06 2.00000000e-03
3.81200000e+00 2.47825507e-06 2.00000000e-03
3.81400000e+00 1.85570170e-06 2.00000000e-03
3.81600000e+00 1.24487461e-06 2.00000000e-03
3.81800000e+00 6.45877487e-07 2.00000000e-03
3.82000000e+00 5.88125340e-08 2.00000000e-03
3.82200000e+00 5.16219604e-07 2.00000000e-03
3.82400000e+00 1.07911984e-06 2.00000000e-03
3.82600000e+00 1.62979067e-06 2.00000000e-03
3.82800000e+00 2.16813620e-06 2.00000000e-03
3.83000000e+00 2.69406213e-06 2.00000000e-03
3.83200000e+00 3.20747584e-06 2.00000000e-03
3.83400000e+00 3.70828635e-06 2.00000000e-03
3.83600000e+00 4.19640435e-06 2.00000000e-03
3.83800000e+00 4.67174227e-06 2.00000000e-03
3.84000000e+00 5.13421422e-06 2.00000000e-03
3.84200000e+00 5.58373607e-06 2.00000000e-03
3.84400000e+00 6.02022545e-06 2.00000000e-03
3.84600000e+00 6.44360177e-06 2.00000000e-03
3.84800000e+00 6.85378623e-06 2.00000000e-03
3.85000000e+00 7.25070187e-06 2.00000000e-03
3.85200000e+00 7.63427354e-06 2.00000000e-03
3.85400000e+00 8.00442796e-06 2.00000000e-03
3.85600000e+00 8.36109373e-06 2.00000000e-03
3.85800000e+00 8.70420134e-06 2.00000000e-03
3.86000000e+00 9.03368320e-06 2.00000000e-03
3.86200000e+00 9.34947363e-06 2.00000000e-03
3.86400000e+00 9.65150892e-06 2.00000000e-03
3.86600000e+00 9.93972733e-06 2.00000000e-03
3.86800000e+00 1.02140691e-05 2.00000000e-03
3.87000000e+00 1.04744765e-05 2.00000000e-03
3.87200000e+00 1.07208937e-05 2.00000000e-03
3.87400000e+00 1.09532671e-05 2.00000000e-03
3.87600000e+00 1.11715451e-05 2.00000000e-03
3.87800000e+00 1.13756780e-05 2.00000000e-03
3.88000000e+00 1.15656185e-05 2.00000000e-03
3.88200000e+00 1.17413211e-05 2.00000000e-03
3.88400000e+00 1.19027426e-05 2.00000000e-03
3.88600000e+00 1.20498419e-05 2.00000000e-03
3.88800000e+00 1.21825801e-05 2.00000000e-03
3.89000000e+00 1.23009205e-05 2.00000000e-03
3.89200000e+00 1.24048283e-05 2.00000000e-03
3.89400000e+00 1.24942714e-05 2.00000000e-03
3.89600000e+00 1.25692194e-05 2.00000000e-03
3.89800000e+00 1.26296446e-05 2.00000000e-03
3.90000000e+00 1.26755212e-05 2.00000000e-03
3.90200000e+00 1.27068258e-05 2.00000000e-03
3.90400000e+00 1.27235373e-05 2.00000000e-03
3.90600000e+00 1.27256369e-05 2.00000000e-03
3.90800000e+00 1.27131079e-05 2.00000000e-03
3.91000000e+00 1.26859363e-05 2.00000000e-03
3.91200000e+00 1.26441100e-05 2.00000000e-03
3.91400000e+00 1.25876196e-05 2.00000000e-03
3.91600000e+00 1.25164578e-05 2.00000000e-03
3.91800000e+00 1.24306199e-05 2.00000000e-03
3.92000000e+00 1.23301032e-05 2.00000000e-03
3.92200000e+00 1.22149079e-05 2.00000000e-03
3.92400000e+00 1.20850362e-05 2.00000000e-03
3.92600000e+00 1.19404927e-05 2.00000000e-03
3.92800000e+00 1.17812848e-05 2.00000000e-03
3.93000000e+00 1.16074219e-05 2.00000000e-03
3.93200000e+00 1.14189160e-05 2.00000000e-03
3.93400000e+00 1.12157817e-05 2.00000000e-03
3.93600000e+00 1.09980357e-05 2.00000000e-03
3.93800000e+00 1.07656975e-05 2.00000000e-03
3.94000000e+00 1.05187888e-05 2.00000000e-03
3.94200000e+00 1.02573340e-05 2.00000000e-03
3.94400000e+00 9.98135983e-06 2.00000000e-03
3.94600000e+00 9.69089552e-06 2.00000000e-03
3.94800000e+00 9.38597282e-06 2.00000000e-03
3.95000000e+00 9.06662594e-06 2.00000000e-03
3.95200000e+00 8.73289163e-06 2.00000000e-03
3.95400000e+00 8.38480910e-06 2.00000000e-03
3.95600000e+00 8.02242008e-06 2.00000000e-03
3.95800000e+00 7.64576880e-06 2.00000000e-03
3.96000000e+00 7.25490200e-06 2.00000000e-03
3.96200000e+00 6.84986892e-06 2.00000000e-03
3.96400000e+00 6.43072132e-06 2.00000000e-03
3.96600000e+00 5.99751347e-06 2.00000000e-03
3.96800000e+00 5.55030214e-06 2.00000000e-03
3.97000000e+00 5.08914662e-06 2.00000000e-03
3.97200000e+00 4.61410869e-06 2.00000000e-03
3.97400000e+00 4.12525265e-06 2.00000000e-03
3.97600000e+00 3.62264530e-06 2.00000000e-03
3.97800000e+00 3.10635593e-06 2.00000000e-03
3.98000000e+00 2.57645635e-06 2.00000000e-03
3.98200000e+00 2.03302083e-06 2.00000000e-03
3.98400000e+00 1.47612615e-06 2.00000000e-03
3.98600000e+00 9.05851568e-07 2.00000000e-03
3.98800000e+00 3.22278803e-07 2.00000000e-03
3.99000000e+00 2.74507942e-07 2.00000000e-03
3.99200000e+00 8.84422012e-07 2.00000000e-03
3.99400000e+00 1.50737429e-06 2.00000000e-03
3.99600000e+00 2.14327323e-06 2.00000000e-03
3.99800000e+00 2.79202483e-06 2.00000000e-03
4.00000000e+00 3.45353269e-06 2.00000000e-03
4.00200000e+00 4.12769795e-06 2.00000000e-03
4.00400000e+00 4.81441940e-06 2.00000000e-03
4.00600000e+00 5.51359340e-06 2.00000000e-03
4.00800000e+00 6.22511395e-06 2.00000000e-03
4.01000000e+00 6.94887267e-06 2.00000000e-03
4.01200000e+00 7.68475883e-06 2.00000000e-03
4.01400000e+00 8.43265937e-06 2.00000000e-03
4.01600000e+00 9.19245890e-06 2.00000000e-03
4.01800000e+00 9.96403972e-06 2.00000000e-03
4.02000000e+00 1.07472818e-05 2.00000000e-03
4.02200000e+00 1.15420630e-05 2.00000000e-03
4.02400000e+00 1.23482586e-05 2.00000000e-03
4.02600000e+00 1.31657420e-05 2.00000000e-03
4.02800000e+00 1.39943842e-05 2.00000000e-03
4.03000000e+00 1.48340540e-05 2.00000000e-03
4.03200000e+00 1.56846179e-05 2.00000000e-03
4.03400000e+00 1.65459406e-05 2.00000000e-03
4.03600000e+00 1.74178843e-05 2.00000000e-03
4.03800000e+00 1.83003092e-05 2.00000000e-03
4.04000000e+00 1.91930735e-05 2.00000000e-03
4.04200000e+00 2.00960332e-05 2.00000000e-03
4.04400000e+00 2.10090424e-05 2.00000000e-03
4.04600000e+00 2.19319530e-05 2.00000000e-03
4.04800000e+00 2.28646149e-05 2.00000000e-03
4.05000000e+00 2.38068763e-05 2.00000000e-03
4.05200000e+00 2.47585832e-05 2.00000000e-03
4.05400000e+00 2.57195797e-05 2.00000000e-03
4.05600000e+00 2.66897081e-05 2.00000000e-03
4.05800000e+00 2.76688087e-05 2.00000000e-03
4.06000000e+00 2.86567202e-05 2.00000000e-03
4.06200000e+00 2.96532794e-05 2.00000000e-03
4.06400000e+00 3.06583211e-05 2.00000000e-03
4.06600000e+00 3.16716786e-05 2.00000000e-03
4.06800000e+00 3.26931835e-05 2.00000000e-03
4.07000000e+00 3.37226656e-05 2.00000000e-03
4.07200000e+00 3.47599530e-05 2.00000000e-03
4.07400000e+00 3.58048724e-05 2.00000000e-03
4.07600000e+00 3.68572488e-05 2.00000000e-03
4.07800000e+00 3.79169055e-05 2.00000000e-03
4.08000000e+00 3.89836645e-05 2.00000000e-03
4.08200000e+00 4.00573463e-05 2.00000000e-03
4.08400000e+00 4.11377698e-05 2.00000000e-03
4.08600000e+00 4.22247525e-05 2.00000000e-03
4.08800000e+00 4.33181108e-05 2.00000000e-03
4.09000000e+00 4.44176595e-05 2.00000000e-03
4.09200000e+00 4.55232121e-05 2.00000000e-03
4.09400000e+00 4.66345810e-05 2.00000000e-03
4.09600000e+00 4.77515771e-05 2.00000000e-03
4.09800000e+00 4.88740105e-05 2.00000000e-03
4.10000000e+00 5.00016897e-05 2.00000000e-03
4.10200000e+00 5.11344225e-05 2.00000000e-03
4.10400000e+00 5.22720154e-05 2.00000000e-03
4.10600000e+00 5.34142740e-05 2.00000000e-03
4.10800000e+00 5.45610026e-05 2.00000000e-03
4.11000000e+00 5.57120050e-05 2.00000000e-03
4.11200000e+00 5.68670837e-05 2.00000000e-03
4.11400000e+00 5.80260406e-05 2.00000000e-03
4.11600000e+00 5.91886767e-05 2.00000000e-03
4.11800000e+00 6.03547920e-05 2.00000000e-03
4.12000000e+00 6.15241861e-05 2.00000000e-03
4.12200000e+00 6.26966577e-05 2.00000000e-03
4.12400000e+00 6.38720049e-05 2.00000000e-03
4.12600000e+00 6.50500250e-05 2.00000000e-03
4.12800000e+00 6.62305151e-05 2.00000000e-03
4.13000000e+00 6.74132713e-05 2.00000000e-03
4.13200000e+00 6.85980897e-05 2.00000000e-03
4.13400000e+00 6.97847656e-05 2.00000000e-03
4.13600000e+00 7.09730940e-05 2.00000000e-03
4.13800000e+00 7.21628696e-05 2.00000000e-03
4.14000000e+00 7.33538867e-05 2.00000000e-03
4.14200000e+00 7.45459394e-05 2.00000000e-03
4.14400000e+00 7.57388215e-05 2.00000000e-03
4.14600000e+00 7.69323268e-05 2.00000000e-03
4.14800000e+00 7.81262487e-05 2.00000000e-03
4.15000000e+00 7.93203806e-05 2.00000000e-03
4.15200000e+00 8.05145161e-05 2.00000000e-03
4.15400000e+00 8.17084483e-05 2.00000000e-03
4.15600000e+00 8.29019708e-05 2.00000000e-03
4.15800000e+00 8.40948771e-05 2.00000000e-03
4.16000000e+00 8.52869608e-05 2.00000000e-03
4.16200000e+00 8.64780156e-05 2.00000000e-03
4.16400000e+00 8.76678357e-05 2.00000000e-03
4.16600000e+00 8.88562153e-05 2.00000000e-03
4.16800000e+00 9.00429490e-05 2.00000000e-03
4.17000000e+00 9.12278317e-05 2.00000000e-03
4.17200000e+00 9.24106587e-05 2.00000000e-03
4.17400000e+00 9.35912259e-05 2.00000000e-03
4.17600000e+00 9.47693294e-05 2.00000000e-03
4.17800000e+00 9.59447661e-05 2.00000000e-03
4.18000000e+00 9.71173332e-05 2.00000000e-03
4.18200000e+00 9.82868287e-05 2.00000000e-03
4.18400000e+00 9.94530512e-05 2.00000000e-03
4.18600000e+00 1.00615800e-04 2.00000000e-03
4.18800000e+00 1.01774875e-04 2.00000000e-03
4.19000000e+00 1.02930077e-04 2.00000000e-03
4.19200000e+00 1.04081208e-04 2.00000000e-03
4.19400000e+00 1.05228070e-04 2.00000000e-03
4.19600000e+00 1.06370467e-04 2.00000000e-03
4.19800000e+00 1.07508202e-04 2.00000000e-03
4.20000000e+00 1.08641082e-04 2.00000000e-03
4.20200000e+00 1.09768913e-04 2.00000000e-03
4.20400000e+00 1.10891501e-04 2.00000000e-03
4.20600000e+00 1.12008656e-04 2.00000000e-03
4.20800000e+00 1.13120187e-04 2.00000000e-03
4.21000000e+00 1.14225905e-04 2.00000000e-03
4.21200000e+00 1.15325622e-04 2.00000000e-03
4.21400000e+00 1.16419151e-04 2.00000000e-03
4.21600000e+00 1.17506308e-04 2.00000000e-03
4.21800000e+00 1.18586907e-04 2.00000000e-03
4.22000000e+00 1.19660766e-04 2.00000000e-03
4.22200000e+00 1.20727705e-04 2.00000000e-03
4.22400000e+00 1.21787542e-04 2.00000000e-03
4.22600000e+00 1.22840100e-04 2.00000000e-03
4.22800000e+00 1.23885202e-04 2.00000000e-03
4.23000000e+00 1.24922673e-04 2.00000000e-03
4.23200000e+00 1.25952338e-04 2.00000000e-03
4.23400000e+00 1.26974026e-04 2.00000000e-03
4.23600000e+00 1.27987567e-04 2.00000000e-03
4.23800000e+00 1.28992791e-04 2.00000000e-03
4.24000000e+00 1.29989531e-04 2.00000000e-03
4.24200000e+00 1.30977623e-04 2.00000000e-03
4.24400000e+00 1.31956902e-04 2.00000000e-03
4.24600000e+00 1.32927206e-04 2.00000000e-03
4.24800000e+00 1.33888377e-04 2.00000000e-03
4.25000000e+00 1.34840256e-04 2.00000000e-03
4.25200000e+00 1.35782686e-04 2.00000000e-03
4.25400000e+00 1.36715513e-04 2.00000000e-03
4.25600000e+00 1.37638586e-04 2.00000000e-03
4.25800000e+00 1.38551753e-04 2.00000000e-03
4.26000000e+00 1.39454867e-04 2.00000000e-03
4.26200000e+00 1.40347780e-04 2.00000000e-03
4.26400000e+00 1.41230350e-04 2.00000000e-03
4.26600000e+00 1.42102433e-04 2.00000000e-03
4.26800000e+00 1.42963889e-04 2.00000000e-03
4.27000000e+00 1.43814581e-04 2.00000000e-03
4.27200000e+00 1.44654373e-04 2.00000000e-03
4.27400000e+00 1.45483130e-04 2.00000000e-03
4.27600000e+00 1.46300722e-04 2.00000000e-03
4.27800000e+00 1.47107020e-04 2.00000000e-03
4.28000000e+00 1.47901895e-04 2.00000000e-03
4.28200000e+00 1.48685223e-04 2.00000000e-03
4.28400000e+00 1.49456882e-04 2.00000000e-03
4.28600000e+00 1.50216752e-04 2.00000000e-03
4.28800000e+00 1.50964714e-04 2.00000000e-03
4.29000000e+00 1.51700652e-04 2.00000000e-03
4.29200000e+00 1.52424454e-04 2.00000000e-03
4.29400000e+00 1.53136008e-04 2.00000000e-03
4.29600000e+00 1.53835205e-04 2.00000000e-03
4.29800000e+00 1.54521940e-04 2.00000000e-03
4.30000000e+00 1.55196108e-04 2.00000000e-03
4.30200000e+00 1.55857608e-04 2.00000000e-03
4.30400000e+00 1.56506341e-04 2.00000000e-03
4.30600000e+00 1.57142210e-04 2.00000000e-03
4.30800000e+00 1.57765121e-04 2.00000000e-03
4.31000000e+00 1.58374981e-04 2.00000000e-03
4.31200000e+00 1.58971703e-04 2.00000000e-03
4.31400000e+00 1.59555198e-04 2.00000000e-03
4.31600000e+00 1.60125382e-04 2.00000000e-03
4.31800000e+00 1.60682174e-04 2.00000000e-03
4.32000000e+00 1.61225494e-04 2.00000000e-03
4.32200000e+00 1.61755264e-04 2.00000000e-03
4.32400000e+00 1.62271411e-04 2.00000000e-03
4.32600000e+00 1.62773862e-04 2.00000000e-03
4.32800000e+00 1.63262549e-04 2.00000000e-03
4.33000000e+00 1.63737403e-04 2.00000000e-03
4.33200000e+00 1.64198360e-04 2.00000000e-03
4.33400000e+00 1.64645359e-04 2.00000000e-03
4.33600000e+00 1.65078340e-04 2.00000000e-03
4.33800000e+00 1.65497246e-04 2.00000000e-03
4.34000000e+00 1.65902023e-04 2.00000000e-03
4.34200000e+00 1.66292618e-04 2.00000000e-03
4.34400000e+00 1.66668983e-04 2.00000000e-03
4.34600000e+00 1.67031070e-04 2.00000000e-03
4.34800000e+00 1.67378835e-04 2.00000000e-03
4.35000000e+00 1.67712237e-04 2.00000000e-03
4.35200000e+00 1.68031236e-04 2.00000000e-03
4.35400000e+00 1.68335795e-04 2.00000000e-03
4.35600000e+00 1.68625880e-04 2.00000000e-03
4.35800000e+00 1.68901458e-04 2.00000000e-03
4.36000000e+00 1.69162502e-04 2.00000000e-03
4.36200000e+00 1.69408984e-04 2.00000000e-03
4.36400000e+00 1.69640879e-04 2.00000000e-03
4.36600000e+00 1.69858166e-04 2.00000000e-03
4.36800000e+00 1.70060825e-04 2.00000000e-03
4.37000000e+00 1.70248840e-04 2.00000000e-03
4.37200000e+00 1.70422196e-04 2.00000000e-03
4.37400000e+00 1.70580881e-04 2.00000000e-03
4.37600000e+00 1.70724885e-04 2.00000000e-03
4.37800000e+00 1.70854202e-04 2.00000000e-03
4.38000000e+00 1.70968827e-04 2.00000000e-03
4.38200000e+00 1.71068756e-04 2.00000000e-03
4.38400000e+00 1.71153992e-04 2.00000000e-03
4.38600000e+00 1.71224535e-04 2.00000000e-03
4.38800000e+00 1.71280391e-04 2.00000000e-03
4.39000000e+00 1.71321568e-04 2.00000000e-03
4.39200000e+00 1.71348074e-04 2.00000000e-03
4.39400000e+00 1.71359922e-04 2.00000000e-03
4.39600000e+00 1.71357127e-04 2.00000000e-03
4.39800000e+00 1.71339704e-04 2.00000000e-03
4.40000000e+00 1.71307673e-04 2.00000000e-03
4.40200000e+00 1.71261055e-04 2.00000000e-03
4.40400000e+00 1.71199874e-04 2.00000000e-03
4.40600000e+00 1.71124155e-04 2.00000000e-03
4.40800000e+00 1.71033927e-04 2.00000000e-03
4.41000000e+00 1.70929220e-04 2.00000000e-03
4.41200000e+00 1.70810067e-04 2.00000000e-03
4.41400000e+00 1.70676501e-04 2.00000000e-03
4.41600000e+00 1.70528561e-04 2.00000000e-03
4.41800000e+00 1.70366285e-04 2.00000000e-03
4.42000000e+00 1.70189715e-04 2.00000000e-03
4.42200000e+00 1.69998894e-04 2.00000000e-03
4.42400000e+00 1.69793868e-04 2.00000000e-03
4.42600000e+00 1.69574684e-04 2.00000000e-03
4.42800000e+00 1.69341392e-04 2.00000000e-03
4.43000000e+00 1.69094045e-04 2.00000000e-03
4.43200000e+00 1.68832696e-04 2.00000000e-03
4.43400000e+00 1.68557401e-04 2.00000000e-03
4.43600000e+00 1.68268218e-04 2.00000000e-03
4.43800000e+00 1.67965208e-04 2.00000000e-03
4.44000000e+00 1.67648432e-04 2.00000000e-03
4.44200000e+00 1.67317954e-04 2.00000000e-03
4.44400000e+00 1.66973840e-04 2.00000000e-03
4.44600000e+00 1.66616159e-04 2.00000000e-03
4.44800000e+00 1.66244980e-04 2.00000000e-03
4.45000000e+00 1.65860375e-04 2.00000000e-03
4.45200000e+00 1.65462417e-04 2.00000000e-03
4.45400000e+00 1.65051182e-04 2.00000000e-03
4.45600000e+00 1.64626748e-04 2.00000000e-03
4.45800000e+00 1.64189192e-04 2.00000000e-03
4.46000000e+00 1.63738598e-04 2.00000000e-03
4.46200000e+00 1.63275046e-04 2.00000000e-03
4.46400000e+00 1.62798622e-04 2.00000000e-03
4.46600000e+00 1.62309412e-04 2.00000000e-03
4.46800000e+00 1.61807504e-04 2.00000000e-03
4.47000000e+00 1.61292988e-04 2.00000000e-03
4.47200000e+00 1.60765954e-04 2.00000000e-03
4.47400000e+00 1.60226496e-04 2.00000000e-03
4.47600000e+00 1.59674710e-04 2.00000000e-03
4.47800000e+00 1.59110690e-04 2.00000000e-03
4.48000000e+00 1.58534535e-04 2.00000000e-03
4.48200000e+00 1.57946344e-04 2.00000000e-03
4.48400000e+00 1.57346219e-04 2.00000000e-03
4.48600000e+00 1.56734263e-04 2.00000000e-03
4.48800000e+00 1.56110578e-04 2.00000000e-03
4.49000000e+00 1.55475271e-04 2.00000000e-03
4.49200000e+00 1.54828450e-04 2.00000000e-03
4.49400000e+00 1.54170221e-04 2.00000000e-03
4.49600000e+00 1.53500697e-04 2.00000000e-03
4.49800000e+00 1.52819988e-04 2.00000000e-03
4.50000000e+00 1.52128206e-04 2.00000000e-03
4.50200000e+00 1.51425467e-04 2.00000000e-03
4.50400000e+00 1.50711886e-04 2.00000000e-03
4.50600000e+00 1.49987579e-04 2.00000000e-03
4.50800000e+00 1.49252665e-04 2.00000000e-03
4.51000000e+00 1.48507264e-04 2.00000000e-03
4.51200000e+00 1.47751496e-04 2.00000000e-03
4.51400000e+00 1.46985484e-04 2.00000000e-03
4.51600000e+00 1.46209351e-04 2.00000000e-03
4.51800000e+00 1.45423221e-04 2.00000000e-03
4.52000000e+00 1.44627220e-04 2.00000000e-03
4.52200000e+00 1.43821475e-04 2.00000000e-03
4.52400000e+00 1.43006114e-04 2.00000000e-03
4.52600000e+00 1.42181267e-04 2.00000000e-03
4.52800000e+00 1.41347064e-04 2.00000000e-03
4.53000000e+00 1.40503636e-04 2.00000000e-03
4.53200000e+00 1.39651115e-04 2.00000000e-03
4.53400000e+00 1.38789636e-04 2.00000000e-03
4.53600000e+00 1.37919333e-04 2.00000000e-03
4.53800000e+00 1.37040342e-04 2.00000000e-03
4.54000000e+00 1.36152799e-04 2.00000000e-03
4.54200000e+00 1.35256842e-04 2.00000000e-03
4.54400000e+00 1.34352610e-04 2.00000000e-03
4.54600000e+00 1.33440242e-04 2.00000000e-03
4.54800000e+00 1.32519878e-04 2.00000000e-03
4.55000000e+00 1.31591660e-04 2.00000000e-03
4.55200000e+00 1.30655730e-04 2.00000000e-03
4.55400000e+00 1.29712232e-04 2.00000000e-03
4.55600000e+00 1.28761309e-04 2.00000000e-03
4.55800000e+00 1.27803106e-04 2.00000000e-03
4.56000000e+00 1.26837769e-04 2.00000000e-03
4.56200000e+00 1.25865443e-04 2.00000000e-03
4.56400000e+00 1.24886277e-04 2.00000000e-03
4.56600000e+00 1.23900418e-04 2.00000000e-03
4.56800000e+00 1.22908015e-04 2.00000000e-03
4.57000000e+00 1.21909217e-04 2.00000000e-03
4.57200000e+00 1.20904174e-04 2.00000000e-03
4.57400000e+00 1.19893037e-04 2.00000000e-03
4.57600000e+00 1.18875957e-04 2.00000000e-03
4.57800000e+00 1.17853087e-04 2.00000000e-03
4.58000000e+00 1.16824579e-04 2.00000000e-03
4.58200000e+00 1.15790585e-04 2.00000000e-03
4.58400000e+00 1.14751261e-04 2.00000000e-03
4.58600000e+00 1.13706760e-04 2.00000000e-03
4.58800000e+00 1.12657238e-04 2.00000000e-03
4.59000000e+00 1.11602850e-04 2.00000000e-03
4.59200000e+00 1.10543751e-04 2.00000000e-03
4.59400000e+00 1.09480100e-04 2.00000000e-03
4.59600000e+00 1.08412051e-04 2.00000000e-03
4.59800000e+00 1.07339763e-04 2.00000000e-03
4.60000000e+00 1.06263395e-04 2.00000000e-03
4.60200000e+00 1.05183103e-04 2.00000000e-03
4.60400000e+00 1.04099047e-04 2.00000000e-03
4.60600000e+00 1.03011386e-04 2.00000000e-03
4.60800000e+00 1.01920279e-04 2.00000000e-03
4.61000000e+00 1.00825887e-04 2.00000000e-03
4.61200000e+00 9.97283685e-05 2.00000000e-03
4.61400000e+00 9.86278854e-05 2.00000000e-03
4.61600000e+00 9.75245981e-05 2.00000000e-03
4.61800000e+00 9.64186676e-05 2.00000000e-03
4.62000000e+00 9.53102553e-05 2.00000000e-03
4.62200000e+00 9.41995228e-05 2.00000000e-03
4.62400000e+00 9.30866320e-05 2.00000000e-03
4.62600000e+00 9.19717450e-05 2.00000000e-03
4.62800000e+00 9.08550240e-05 2.00000000e-03
4.63000000e+00 8.97366315e-05 2.00000000e-03
4.63200000e+00 8.86167302e-05 2.00000000e-03
4.63400000e+00 8.74954827e-05 2.00000000e-03
4.63600000e+00 8.63730521e-05 2.00000000e-03
4.63800000e+00 8.52496014e-05 2.00000000e-03
4.64000000e+00 8.41252937e-05 2.00000000e-03
4.64200000e+00 8.30002922e-05 2.00000000e-03
4.64400000e+00 8.18747603e-05 2.00000000e-03
4.64600000e+00 8.07488612e-05 2.00000000e-03
4.64800000e+00 7.96227583e-05 2.00000000e-03
4.65000000e+00 7.84966150e-05 2.00000000e-03
4.65200000e+00 7.73705948e-05 2.00000000e-03
4.65400000e+00 7.62448610e-05 2.00000000e-03
4.65600000e+00 7.51195769e-05 2.00000000e-03
4.65800000e+00 7.39949058e-05 2.00000000e-03
4.66000000e+00 7.28710110e-05 2.00000000e-03
4.66200000e+00 7.17480555e-05 2.00000000e-03
4.66400000e+00 7.06262025e-05 2.00000000e-03
4.66600000e+00 6.95056149e-05 2.00000000e-03
4.66800000e+00 6.83864554e-05 2.00000000e-03
4.67000000e+00 6.72688867e-05 2.00000000e-03
4.67200000e+00 6.61530712e-05 2.00000000e-03
4.67400000e+00 6.50391713e-05 2.00000000e-03
4.67600000e+00 6.39273491e-05 2.00000000e-03
4.67800000e+00 6.28177664e-05 2.00000000e-03
4.68000000e+00 6.17105848e-05 2.00000000e-03
4.68200000e+00 6.06059657e-05 2.00000000e-03
4.68400000e+00 5.95040703e-05 2.00000000e-03
4.68600000e+00 5.84050594e-05 2.00000000e-03
4.68800000e+00 5.73090934e-05 2.00000000e-03
4.69000000e+00 5.62163327e-05 2.00000000e-03
4.69200000e+00 5.51269371e-05 2.00000000e-03
4.69400000e+00 5.40410660e-05 2.00000000e-03
4.69600000e+00 5.29588787e-05 2.00000000e-03
4.69800000e+00 5.18805339e-05 2.00000000e-03
4.70000000e+00 5.08061899e-05 2.00000000e-03
4.70200000e+00 4.97360047e-05 2.00000000e-03
4.70400000e+00 4.86701357e-05 2.00000000e-03
4.70600000e+00 4.76087400e-05 2.00000000e-03
4.70800000e+00 4.65519742e-05 2.00000000e-03
4.71000000e+00 4.54999942e-05 2.00000000e-03
4.71200000e+00 4.44529557e-05 2.00000000e-03
4.71400000e+00 4.34110136e-05 2.00000000e-03
4.71600000e+00 4.23743224e-05 2.00000000e-03
4.71800000e+00 4.13430361e-05 2.00000000e-03
4.72000000e+00 4.03173079e-05 2.00000000e-03
4.72200000e+00 3.92972906e-05 2.00000000e-03
4.72400000e+00 3.82831364e-05 2.00000000e-03
4.72600000e+00 3.72749965e-05 2.00000000e-03
4.72800000e+00 3.62730220e-05 2.00000000e-03
4.73000000e+00 3.52773629e-05 2.00000000e-03
4.73200000e+00 3.42881687e-05 2.00000000e-03
4.73400000e+00 3.33055881e-05 2.00000000e-03
4.73600000e+00 3.23297692e-05 2.00000000e-03
4.73800000e+00 3.13608592e-05 2.00000000e-03
4.74000000e+00 3.03990047e-05 2.00000000e-03
4.74200000e+00 2.94443513e-05 2.00000000e-03
4.74400000e+00 2.84970440e-05 2.00000000e-03
4.74600000e+00 2.75572269e-05 2.00000000e-03
4.74800000e+00 2.66250433e-05 2.00000000e-03
4.75000000e+00 2.57006356e-05 2.00000000e-03
4.75200000e+00 2.47841453e-05 2.00000000e-03
4.75400000e+00 2.38757130e-05 2.00000000e-03
4.75600000e+00 2.29754785e-05 2.00000000e-03
4.75800000e+00 2.20835806e-05 2.00000000e-03
4.76000000e+00 2.12001571e-05 2.00000000e-03
4.76200000e+00 2.03253448e-05 2.00000000e-03
4.76400000e+00 1.94592797e-05 2.00000000e-03
4.76600000e+00 1.86020967e-05 2.00000000e-03
4.76800000e+00 1.77539294e-05 2.00000000e-03
4.77000000e+00 1.69149108e-05 2.00000000e-03
4.77200000e+00 1.60851725e-05 2.00000000e-03
4.77400000e+00 1.52648451e-05 2.00000000e-03
4.77600000e+00 1.44540582e-05 2.00000000e-03
4.77800000e+00 1.36529402e-05 2.00000000e-03
4.78000000e+00 1.28616183e-05 2.00000000e-03
4.78200000e+00 1.20802186e-05 2.00000000e-03
4.78400000e+00 1.13088660e-05 2.00000000e-03
4.78600000e+00 1.05476840e-05 2.00000000e-03
4.78800000e+00 9.79679532e-06 2.00000000e-03
4.79000000e+00 9.05632098e-06 2.00000000e-03
4.79200000e+00 8.32638096e-06 2.00000000e-03
4.79400000e+00 7.60709392e-06 2.00000000e-03
4.79600000e+00 6.89857720e-06 2.00000000e-03
4.79800000e+00 6.20094680e-06 2.00000000e-03
4.80000000e+00 5.51431740e-06 2.00000000e-03
4.80200000e+00 4.83880229e-06 2.00000000e-03
4.80400000e+00 4.17451338e-06 2.00000000e-03
4.80600000e+00 3.52156117e-06 2.00000000e-03
4.80800000e+00 2.88005473e-06 2.00000000e-03
4.81000000e+00 2.25010170e-06 2.00000000e-03
4.81200000e+00 1.63180822e-06 2.00000000e-03
4.81400000e+00 1.02527897e-06 2.00000000e-03
4.81600000e+00 4.30617097e-07 2.00000000e-03
4.81800000e+00 1.52075759e-07 2.00000000e-03
4.82000000e+00 7.22699519e-07 2.00000000e-03
4.82200000e+00 1.28115567e-06 2.00000000e-03
4.82400000e+00 1.82734730e-06 2.00000000e-03
4.82600000e+00 2.36117908e-06 2.00000000e-03
4.82800000e+00 2.88255733e-06 2.00000000e-03
4.83000000e+00 3.39139002e-06 2.00000000e-03
4.83200000e+00 3.88758677e-06 2.00000000e-03
4.83400000e+00 4.37105892e-06 2.00000000e-03
4.83600000e+00 4.84171950e-06 2.00000000e-03
4.83800000e+00 5.29948325e-06 2.00000000e-03
4.84000000e+00 5.74426669e-06 2.00000000e-03
4.84200000e+00 6.17598810e-06 2.00000000e-03
4.84400000e+00 6.59456753e-06 2.00000000e-03
4.84600000e+00 6.99992685e-06 2.00000000e-03
4.84800000e+00 7.39198975e-06 2.00000000e-03
4.85000000e+00 7.77068178e-06 2.00000000e-03
4.85200000e+00 8.13593032e-06 2.00000000e-03
4.85400000e+00 8.48766468e-06 2.00000000e-03
4.85600000e+00 8.82581602e-06 2.00000000e-03
4.85800000e+00 9.15031746e-06 2.00000000e-03
4.86000000e+00 9.46110403e-06 2.00000000e-03
4.86200000e+00 9.75811275e-06 2.00000000e-03
4.86400000e+00 1.00412826e-05 2.00000000e-03
4.86600000e+00 1.03105545e-05 2.00000000e-03
4.86800000e+00 1.05658715e-05 2.00000000e-03
4.87000000e+00 1.08071785e-05 2.00000000e-03
4.87200000e+00 1.10344227e-05 2.00000000e-03
4.87400000e+00 1.12475531e-05 2.00000000e-03
4.87600000e+00 1.14465210e-05 2.00000000e-03
4.87800000e+00 1.16312796e-05 2.00000000e-03
4.88000000e+00 1.18017843e-05 2.00000000e-03
4.88200000e+00 1.19579928e-05 2.00000000e-03
4.88400000e+00 1.20998646e-05 2.00000000e-03
4.88600000e+00 1.22273617e-05 2.00000000e-03
4.88800000e+00 1.23404480e-05 2.00000000e-03
4.89000000e+00 1.24390899e-05 2.00000000e-03
4.89200000e+00 1.25232556e-05 2.00000000e-03
4.89400000e+00 1.25929160e-05 2.00000000e-03
4.89600000e+00 1.26480438e-05 2.00000000e-03
4.89800000e+00 1.26886143e-05 2.00000000e-03
4.90000000e+00 1.27146048e-05 2.00000000e-03
4.90200000e+00 1.27259951e-05 2.00000000e-03
4.90400000e+00 1.27227671e-05 2.00000000e-03
4.90600000e+00 1.27049053e-05 2.00000000e-03
4.90800000e+00 1.26723960e-05 2.00000000e-03
4.91000000e+00 1.26252285e-05 2.00000000e-03
4.91200000e+00 1.25633939e-05 2.00000000e-03
4.91400000e+00 1.24868858e-05 2.00000000e-03
4.91600000e+00 1.23957005e-05 2.00000000e-03
4.91800000e+00 1.22898361e-05 2.00000000e-03
4.92000000e+00 1.21692936e-05 2.00000000e-03
4.92200000e+00 1.20340762e-05 2.00000000e-03
4.92400000e+00 1.18841894e-05 2.00000000e-03
4.92600000e+00 1.17196413e-05 2.00000000e-03
4.92800000e+00 1.15404423e-05 2.00000000e-03
4.93000000e+00 1.13466053e-05 2.00000000e-03
4.93200000e+00 1.11381457e-05 2.00000000e-03
4.93400000e+00 1.09150813e-05 2.00000000e-03
4.93600000e+00 1.06774322e-05 2.00000000e-03
4.93800000e+00 1.04252213e-05 2.00000000e-03
4.94000000e+00 1.01584738e-05 2.00000000e-03
4.94200000e+00 9.87721716e-06 2.00000000e-03
4.94400000e+00 9.58148171e-06 2.00000000e-03
4.94600000e+00 9.27130005e-06 2.00000000e-03
4.94800000e+00 8.94670731e-06 2.00000000e-03
4.95000000e+00 8.60774113e-06 2.00000000e-03
4.95200000e+00 8.25444165e-06 2.00000000e-03
4.95400000e+00 7.88685150e-06 2.00000000e-03
4.95600000e+00 7.50501582e-06 2.00000000e-03
4.95800000e+00 7.10898227e-06 2.00000000e-03
4.96000000e+00 6.69880102e-06 2.00000000e-03
4.96200000e+00 6.27452472e-06 2.00000000e-03
4.96400000e+00 5.83620856e-06 2.00000000e-03
4.96600000e+00 5.38391023e-06 2.00000000e-03
4.96800000e+00 4.91768992e-06 2.00000000e-03
4.97000000e+00 4.43761035e-06 2.00000000e-03
4.97200000e+00 3.94373671e-06 2.00000000e-03
4.97400000e+00 3.43613671e-06 2.00000000e-03
4.97600000e+00 2.91488057e-06 2.00000000e-03
4.97800000e+00 2.38004098e-06 2.00000000e-03
4.98000000e+00 1.83169314e-06 2.00000000e-03
4.98200000e+00 1.26991473e-06 2.00000000e-03
4.98400000e+00 6.94785896e-07 2.00000000e-03
4.98600000e+00 1.06389273e-07 2.00000000e-03
4.98800000e+00 4.95190047e-07 2.00000000e-03
4.99000000e+00 1.10986451e-06 2.00000000e-03
4.99200000e+00 1.73754411e-06 2.00000000e-03
4.99400000e+00 2.37813641e-06 2.00000000e-03
4.99600000e+00 3.03154653e-06 2.00000000e-03
4.99800000e+00 3.69767717e-06 2.00000000e-03
5.00000000e+00 4.37642862e-06 2.00000000e-03
